{"00.00": {"k": [0.68093, 0.680673, 0.680539, 0.680199, 0.679946, 0.679504, 0.679495, 0.679255, 0.678696, 0.678662, 0.67839, 0.678382, 0.678236, 0.678071, 0.677653, 0.677692, 0.677619, 0.677399, 0.677202, 0.677023, 0.6772, 0.676933, 0.676647, 0.676762, 0.676334, 0.676664, 0.67652, 0.67662, 0.676351, 0.676357, 0.676404, 0.676638, 0.676515, 0.676534, 0.676519, 0.676698, 0.676896, 0.676672, 0.67688, 0.676833, 0.676851, 0.677147, 0.677239, 0.677302, 0.67748, 0.677342, 0.677637, 0.677779, 0.677808, 0.677878, 0.678007, 0.678191, 0.678188, 0.678161, 0.678515, 0.67848, 0.678485, 0.678559, 0.678775, 0.678873, 0.679115, 0.679138, 0.679092, 0.679111, 0.679347, 0.679818], "kerr": [0.000101, 0.000104, 0.000113, 0.000103, 0.000117, 0.000111, 0.000109, 0.000105, 0.0001, 0.000114, 0.000102, 9.9e-05, 0.000107, 0.000102, 9.9e-05, 0.000106, 9.8e-05, 0.000108, 0.000113, 0.000109, 0.000137, 9.7e-05, 0.000102, 0.000113, 0.000133, 0.000104, 0.000111, 9.7e-05, 0.000113, 0.0001, 0.000107, 9.9e-05, 0.000103, 0.0001, 0.000109, 0.000102, 0.000106, 0.000102, 0.000104, 9.6e-05, 0.000101, 0.000101, 9.3e-05, 0.000114, 0.000108, 0.000101, 0.000102, 9.6e-05, 9.6e-05, 0.000114, 9.5e-05, 0.000101, 9.6e-05, 9.8e-05, 9.7e-05, 9.7e-05, 0.000101, 9.8e-05, 0.000108, 9.4e-05, 9.5e-05, 0.000108, 0.000101, 0.000107, 0.000108, 0.0001]}, "01.00": {"k": [0.160702, 0.160383, 0.160054, 0.159772, 0.159405, 0.159143, 0.158859, 0.158587, 0.158354, 0.158005, 0.157775, 0.157489, 0.157281, 0.156984, 0.156795, 0.156525, 0.156326, 0.156119, 0.155861, 0.1557, 0.155494, 0.155194, 0.155053, 0.154917, 0.15462, 0.154433, 0.154273, 0.154063, 0.153894, 0.153712, 0.153554, 0.153338, 0.153232, 0.15304, 0.152969, 0.152744, 0.152607, 0.152425, 0.152349, 0.15217, 0.15205, 0.151947, 0.151827, 0.151634, 0.151538, 0.151385, 0.151265, 0.151143, 0.15099, 0.15093, 0.15076, 0.150661, 0.150528, 0.15047, 0.150291, 0.150224, 0.15008, 0.149995, 0.149886, 0.149756, 0.149669, 0.149514, 0.149426, 0.149354, 0.149256, 0.149156], "kerr": [3.5e-05, 3.2e-05, 3e-05, 3.1e-05, 3e-05, 2.8e-05, 2.8e-05, 3.1e-05, 2.8e-05, 2.6e-05, 3e-05, 2.9e-05, 2.8e-05, 2.7e-05, 2.9e-05, 3.2e-05, 3.1e-05, 2.8e-05, 3.4e-05, 3e-05, 2.9e-05, 2.8e-05, 2.9e-05, 2.8e-05, 2.8e-05, 2.7e-05, 2.9e-05, 2.7e-05, 3.3e-05, 2.8e-05, 3e-05, 2.8e-05, 2.7e-05, 3e-05, 2.7e-05, 3e-05, 2.7e-05, 2.6e-05, 2.8e-05, 2.7e-05, 2.8e-05, 2.7e-05, 2.7e-05, 2.7e-05, 2.5e-05, 2.6e-05, 2.9e-05, 2.6e-05, 2.6e-05, 2.8e-05, 2.6e-05, 3.2e-05, 2.5e-05, 2.7e-05, 2.5e-05, 2.9e-05, 2.8e-05, 2.8e-05, 2.7e-05, 2.6e-05, 2.6e-05, 3e-05, 2.7e-05, 2.8e-05, 2.6e-05, 2.5e-05]}, "T": [300.0, 310.0, 320.0, 330.0, 340.0, 350.0, 360.0, 370.0, 380.0, 390.0, 400.0, 410.0, 420.0, 430.0, 440.0, 450.0, 460.0, 470.0, 480.0, 490.0, 500.0, 510.0, 520.0, 530.0, 540.0, 550.0, 560.0, 570.0, 580.0, 590.0, 600.0, 610.0, 620.0, 630.0, 640.0, 650.0, 660.0, 670.0, 680.0, 690.0, 700.0, 710.0, 720.0, 730.0, 740.0, 750.0, 760.0, 770.0, 780.0, 790.0, 800.0, 810.0, 820.0, 830.0, 840.0, 850.0, 860.0, 870.0, 880.0, 890.0, 900.0, 910.0, 920.0, 930.0, 940.0, 950.0]}