{"00.00": {"k": [1.27342, 1.27425, 1.275, 1.27586, 1.27681, 1.27757, 1.27841, 1.27925, 1.28017, 1.28113, 1.28186, 1.28269, 1.28377, 1.28463, 1.28561, 1.28641, 1.28729, 1.2883, 1.28936, 1.29033, 1.29121, 1.29228, 1.29308, 1.29425, 1.29519, 1.29625, 1.29714, 1.29813, 1.29922, 1.30002, 1.30108, 1.30199, 1.30293, 1.30402, 1.30492, 1.30588, 1.30682, 1.30774, 1.30874, 1.30959, 1.31036, 1.31132, 1.31215, 1.31321, 1.31404, 1.31487, 1.31584, 1.31662, 1.31754, 1.31826, 1.31912, 1.31977, 1.32081, 1.32147, 1.32235, 1.32304, 1.32376, 1.3243, 1.32511, 1.32561, 1.32628, 1.32709, 1.32766, 1.32839, 1.32883, 1.32946, 1.33005, 1.33072, 1.33132, 1.33168], "kerr": [7.895204e-05, 7.645500000000001e-05, 8.159999999999999e-05, 8.548262000000001e-05, 8.171583999999999e-05, 7.920934e-05, 8.053983e-05, 8.315125e-05, 7.809037e-05, 8.199232e-05, 8.460276e-05, 8.080947000000001e-05, 8.087751e-05, 8.093169e-05, 8.099342999999999e-05, 8.876229e-05, 7.723740000000001e-05, 8.373949999999999e-05, 8.251904e-05, 8.645211e-05, 8.392864999999999e-05, 8.270592e-05, 7.629172e-05, 8.153774999999999e-05, 7.900659e-05, 8.425624999999999e-05, 8.431409999999999e-05, 8.567658000000001e-05, 7.79532e-05, 8.320128e-05, 8.066696e-05, 8.332736e-05, 8.338751999999999e-05, 8.606532e-05, 8.351488000000001e-05, 8.357632e-05, 8.363648e-05, 8.631084e-05, 8.245062e-05, 7.85754e-05, 8.51734e-05, 8.392448e-05, 8.13533e-05, 8.141902e-05, 7.752836e-05, 8.678142000000001e-05, 8.552959999999999e-05, 8.163043999999999e-05, 8.168748e-05, 8.173212e-05, 8.57428e-05, 8.578505e-05, 8.321103e-05, 8.457407999999999e-05, 8.330805e-05, 8.335152e-05, 8.472063999999999e-05, 8.07823e-05, 8.215682000000001e-05, 8.616464999999999e-05, 8.620819999999999e-05, 8.360667e-05, 8.895322e-05, 7.970339999999999e-05, 8.504511999999999e-05, 7.976760000000001e-05, 8.645324999999998e-05, 8.250464e-05, 8.387316e-05, 8.65592e-05]}, "01.00": {"k": [0.829116, 0.827075, 0.825502, 0.823922, 0.822536, 0.820967, 0.819293, 0.817819, 0.816469, 0.814678, 0.813389, 0.812107, 0.810692, 0.809126, 0.808032, 0.806812, 0.805557, 0.80444, 0.803052, 0.802169, 0.800843, 0.799898, 0.798817, 0.797846, 0.796845, 0.795825, 0.794834, 0.793727, 0.792898, 0.791891, 0.7904, 0.789493, 0.789278, 0.788247, 0.787156, 0.786546, 0.785311, 0.784625, 0.783683, 0.782734, 0.781772, 0.780514, 0.779876, 0.778842, 0.778249, 0.77731, 0.776522, 0.775707, 0.774885, 0.774105, 0.773741, 0.773346, 0.773206, 0.773084, 0.773458, 0.773208, 0.772166, 0.770721, 0.769261, 0.768469, 0.767076, 0.766299, 0.765478, 0.764448, 0.763868, 0.76299, 0.762317, 0.761463, 0.760857, 0.760324], "kerr": [0.00012436739999999998, 0.000132332, 0.00013208032, 0.00014006674000000002, 0.00013160576000000002, 0.00012314504999999998, 0.00013108688000000002, 0.00013902923000000002, 0.00013063504000000001, 0.00013034848000000003, 0.00013014224000000002, 0.00012993712, 0.00012971072, 0.00013755142, 0.00012928512000000001, 0.00013715804, 0.00013694469000000002, 0.0001287104, 0.00013651884, 0.00013636873, 0.00013614331, 0.00013598266, 0.00013579889, 0.00014361228, 0.00013546365, 0.00014324850000000002, 0.00013512178, 0.00013493359, 0.00013479266, 0.00012670256, 0.000142272, 0.00014210874, 0.00014207004, 0.00014188446, 0.00014168808, 0.00014157828, 0.00014135598, 0.00014123250000000001, 0.00014889977, 0.00014089212000000003, 0.00014071896, 0.00014049252000000002, 0.00014037768, 0.00014797998, 0.00014786731, 0.0001399158, 0.00013977396, 0.00013962726000000001, 0.00014722815, 0.0001393389, 0.00013927338, 0.00014693574, 0.00013917708, 0.00014688596, 0.00014695702, 0.00013917744000000002, 0.00013898988000000001, 0.00014643699, 0.00014615959, 0.00014600911, 0.0001534152, 0.00014559681, 0.00014544082, 0.00014524512000000002, 0.00014513492, 0.0001449681, 0.00013721706, 0.0001522926, 0.00013695426000000002, 0.00014446156]}, "T": [300.0, 310.0, 320.0, 330.0, 340.0, 350.0, 360.0, 370.0, 380.0, 390.0, 400.0, 410.0, 420.0, 430.0, 440.0, 450.0, 460.0, 470.0, 480.0, 490.0, 500.0, 510.0, 520.0, 530.0, 540.0, 550.0, 560.0, 570.0, 580.0, 590.0, 600.0, 610.0, 620.0, 630.0, 640.0, 650.0, 660.0, 670.0, 680.0, 690.0, 700.0, 710.0, 720.0, 730.0, 740.0, 750.0, 760.0, 770.0, 780.0, 790.0, 800.0, 810.0, 820.0, 830.0, 840.0, 850.0, 860.0, 870.0, 880.0, 890.0, 900.0, 910.0, 920.0, 930.0, 940.0, 950.0, 960.0, 970.0, 980.0, 990.0]}