{"00.00": {"k": [0.678582, 0.678324, 0.678151, 0.677944, 0.677637, 0.677429, 0.677254, 0.676975, 0.676748, 0.676528, 0.676404, 0.676178, 0.675973, 0.675816, 0.675661, 0.675508, 0.675387, 0.675264, 0.675162, 0.675033, 0.674989, 0.674859, 0.674824, 0.674781, 0.674682, 0.674704, 0.674644, 0.674654, 0.674642, 0.674657, 0.674687, 0.674646, 0.674775, 0.674734, 0.674806, 0.674839, 0.675032, 0.675016, 0.675125, 0.675115, 0.675271, 0.675337, 0.675472, 0.675475, 0.67564, 0.675687, 0.675823, 0.675802, 0.675985, 0.67601, 0.676208, 0.676371, 0.676366, 0.676593, 0.676709, 0.676764, 0.676983, 0.677119, 0.677208, 0.677319, 0.677444, 0.677592, 0.677732, 0.677819, 0.677985, 0.678106, 0.678177, 0.67831, 0.678416, 0.67847], "kerr": [3.5964846000000004e-05, 5.5622568000000004e-05, 3.662015399999999e-05, 3.5253088e-05, 3.6592398e-05, 3.9968311e-05, 3.6571716e-05, 3.5202699999999994e-05, 3.5867644e-05, 3.5179456e-05, 3.5849412e-05, 3.5837433999999996e-05, 3.5150596e-05, 3.5142432e-05, 3.7161354999999997e-05, 3.6477432e-05, 3.8497059e-05, 3.713952e-05, 3.7809072e-05, 3.5776749e-05, 3.7799384e-05, 3.6442386e-05, 3.5765672e-05, 3.6438173999999995e-05, 3.7782192e-05, 3.6434015999999994e-05, 3.7780064e-05, 3.5082007999999996e-05, 3.6430667999999996e-05, 3.6431478e-05, 3.7782472e-05, 3.710553e-05, 3.373875e-05, 3.5760902e-05, 3.7789136e-05, 3.6441305999999996e-05, 3.712676e-05, 3.8475912e-05, 3.7131875e-05, 3.5781095e-05, 3.5789363e-05, 3.5792861e-05, 3.7826431999999995e-05, 3.9177550000000006e-05, 3.5808920000000003e-05, 3.5811411000000004e-05, 3.7170264999999996e-05, 3.6493308e-05, 3.650319e-05, 3.582853e-05, 3.3810400000000004e-05, 3.5847663000000005e-05, 3.8552862000000004e-05, 3.9242394e-05, 3.7895704e-05, 3.6545256000000004e-05, 3.5880099e-05, 3.7241545e-05, 3.7246440000000006e-05, 3.7252545e-05, 3.7259420000000006e-05, 3.726756e-05, 3.5919796000000004e-05, 3.8635683e-05, 3.5933205e-05, 3.6617724e-05, 3.8656089e-05, 3.5950429999999996e-05, 3.8669712000000006e-05, 3.8672790000000006e-05]}, "01.00": {"k": [0.153101, 0.1529, 0.152668, 0.152447, 0.152251, 0.152041, 0.151855, 0.151674, 0.1515, 0.15135, 0.151208, 0.15101, 0.150845, 0.150671, 0.15054, 0.150386, 0.150201, 0.150065, 0.149947, 0.149809, 0.149644, 0.149481, 0.149383, 0.149281, 0.149114, 0.149, 0.148873, 0.148761, 0.148621, 0.148517, 0.148417, 0.14833, 0.148194, 0.148122, 0.147958, 0.14787, 0.147749, 0.14766, 0.147532, 0.147435, 0.147367, 0.14726, 0.14716, 0.147089, 0.146936, 0.14686, 0.146793, 0.146701, 0.146619, 0.146525, 0.146462, 0.146352, 0.14631, 0.146149, 0.146111, 0.146026, 0.145985, 0.145894, 0.145783, 0.145746, 0.145691, 0.145603, 0.145518, 0.145503, 0.145393, 0.145344, 0.145285, 0.145175, 0.145134, 0.145074], "kerr": [2.755818e-05, 2.5993000000000003e-05, 2.442688e-05, 2.5915990000000003e-05, 2.588267e-05, 2.5846970000000003e-05, 2.42968e-05, 2.5784580000000002e-05, 2.5755e-05, 2.5729500000000005e-05, 2.5705360000000004e-05, 2.5671700000000004e-05, 2.5643650000000003e-05, 2.712078e-05, 2.5591800000000005e-05, 2.556562e-05, 2.403216e-05, 2.4010400000000003e-05, 2.549099e-05, 2.396944e-05, 2.6935920000000002e-05, 2.541177e-05, 2.390128e-05, 2.537777e-05, 2.385824e-05, 2.533e-05, 2.5308410000000004e-05, 2.5289370000000003e-05, 2.5265570000000002e-05, 2.5247890000000002e-05, 2.5230890000000002e-05, 2.37328e-05, 2.371104e-05, 2.2218299999999997e-05, 2.515286e-05, 2.3659200000000002e-05, 2.511733e-05, 2.5102200000000005e-05, 2.360512e-05, 2.5063950000000003e-05, 2.3578720000000003e-05, 2.50342e-05, 2.3545600000000004e-05, 2.3534240000000002e-05, 2.3509760000000004e-05, 2.34976e-05, 2.3486880000000002e-05, 2.3472160000000003e-05, 2.4925230000000002e-05, 2.1978749999999997e-05, 2.19693e-05, 2.4879840000000005e-05, 2.48727e-05, 2.338384e-05, 2.483887e-05, 2.336416e-05, 2.33576e-05, 2.4801980000000003e-05, 2.332528e-05, 2.331936e-05, 2.476747e-05, 2.3296480000000005e-05, 2.3282880000000002e-05, 2.328048e-05, 2.3262880000000002e-05, 2.470848e-05, 2.469845e-05, 2.1776249999999997e-05, 2.3221440000000004e-05, 2.3211840000000003e-05]}, "T": [300.0, 310.0, 320.0, 330.0, 340.0, 350.0, 360.0, 370.0, 380.0, 390.0, 400.0, 410.0, 420.0, 430.0, 440.0, 450.0, 460.0, 470.0, 480.0, 490.0, 500.0, 510.0, 520.0, 530.0, 540.0, 550.0, 560.0, 570.0, 580.0, 590.0, 600.0, 610.0, 620.0, 630.0, 640.0, 650.0, 660.0, 670.0, 680.0, 690.0, 700.0, 710.0, 720.0, 730.0, 740.0, 750.0, 760.0, 770.0, 780.0, 790.0, 800.0, 810.0, 820.0, 830.0, 840.0, 850.0, 860.0, 870.0, 880.0, 890.0, 900.0, 910.0, 920.0, 930.0, 940.0, 950.0, 960.0, 970.0, 980.0, 990.0]}