{"00.00": {"k": [1.08524, 1.0851, 1.08474, 1.08433, 1.08397, 1.08379, 1.08347, 1.08309, 1.08252, 1.08228, 1.08199, 1.08151, 1.08121, 1.08079, 1.08047, 1.08026, 1.07981, 1.07945, 1.07898, 1.07878, 1.07842, 1.07808, 1.0778, 1.07764, 1.07715, 1.07692, 1.07667, 1.07633, 1.07598, 1.07575, 1.07537, 1.07513, 1.07485, 1.07469, 1.07436, 1.07413, 1.07393, 1.07379, 1.07343, 1.07317, 1.07294, 1.0727, 1.07259, 1.07231, 1.07218, 1.07196, 1.0716, 1.07138, 1.07116, 1.07095, 1.07094, 1.0707, 1.07057, 1.07046, 1.07026, 1.06999, 1.06992, 1.06969, 1.06958, 1.06919, 1.06907, 1.06883, 1.06863, 1.06855, 1.06826, 1.06801, 1.0678, 1.06776, 1.06728, 1.06722], "kerr": [7.488155999999999e-05, 6.94464e-05, 6.725388000000001e-05, 7.048145e-05, 7.045805e-05, 7.153014000000001e-05, 7.150902e-05, 6.823467e-05, 7.036379999999999e-05, 6.926591999999999e-05, 7.249333000000001e-05, 6.597210999999999e-05, 7.135986000000001e-05, 7.025134999999999e-05, 6.915008e-05, 7.129716e-05, 7.126746e-05, 6.584645e-05, 6.905472e-05, 6.904192e-05, 6.901887999999999e-05, 7.007519999999998e-05, 7.221260000000001e-05, 6.573604e-05, 6.89376e-05, 6.999980000000001e-05, 6.998355e-05, 6.673246e-05, 7.101468e-05, 6.669650000000001e-05, 6.774831e-05, 6.880831999999999e-05, 6.87904e-05, 6.663078e-05, 6.661032e-05, 6.767019000000001e-05, 7.087938000000001e-05, 7.194393000000001e-05, 6.762609000000001e-05, 6.975604999999999e-05, 6.759522e-05, 6.97255e-05, 6.971834999999998e-05, 6.862784e-05, 6.647516e-05, 6.753348e-05, 6.965400000000001e-05, 6.749694e-05, 6.855423999999998e-05, 6.746985e-05, 6.961109999999999e-05, 6.74541e-05, 6.637534000000001e-05, 7.065036000000001e-05, 6.849664e-05, 6.954934999999999e-05, 6.740495999999999e-05, 6.632078e-05, 7.166186e-05, 6.949735e-05, 6.628234e-05, 6.41298e-05, 6.839232e-05, 6.838720000000001e-05, 6.94369e-05, 6.835263999999999e-05, 7.04748e-05, 6.726888e-05, 6.937319999999999e-05, 6.830208e-05]}, "01.00": {"k": [0.704464, 0.702416, 0.700765, 0.698968, 0.697192, 0.695556, 0.693835, 0.691938, 0.690151, 0.688257, 0.686512, 0.684995, 0.683249, 0.681552, 0.680118, 0.678527, 0.676937, 0.675549, 0.674085, 0.672562, 0.670825, 0.669389, 0.668177, 0.666599, 0.66524, 0.664156, 0.66281, 0.661479, 0.660216, 0.658794, 0.657044, 0.655752, 0.654845, 0.653746, 0.652404, 0.651155, 0.650131, 0.648705, 0.647456, 0.646275, 0.645173, 0.643961, 0.642801, 0.641851, 0.640563, 0.63945, 0.63853, 0.637495, 0.636468, 0.635517, 0.634778, 0.634009, 0.633489, 0.633389, 0.633328, 0.632563, 0.631036, 0.629897, 0.628622, 0.627228, 0.626252, 0.625361, 0.624169, 0.623169, 0.622519, 0.621496, 0.62083, 0.619694, 0.618977, 0.618158], "kerr": [0.00010566959999999998, 0.00011238656000000002, 0.00011913005000000001, 0.00011183488000000002, 0.00011852264000000002, 0.00011824452, 0.0001110136, 0.00011762946000000001, 0.00011042416, 0.00011700369000000001, 0.00012357216, 0.00011644915, 0.00011615233, 0.00011586384000000002, 0.00011562006000000001, 0.00010856432000000001, 0.00011507929000000001, 0.00011484333, 0.00011459445000000001, 0.00011433554, 0.00011404025, 0.00011379613000000002, 0.00011359009000000001, 0.00011332183000000001, 0.00011309080000000002, 0.00011290652, 0.00011267770000000001, 0.00011245143000000001, 0.00011883888000000001, 0.00011199498000000001, 0.00011169748, 0.00011803536, 0.0001178721, 0.00011113682000000002, 0.00011743272, 0.00011720790000000001, 0.00011702358000000001, 0.00011676690000000001, 0.00011654208000000002, 0.00010986675000000002, 0.00010967941, 0.00011591298000000001, 0.00011570418, 0.00011553317999999999, 0.00010889571, 0.000115101, 0.00012132070000000002, 0.00011474910000000002, 0.00012092892000000002, 0.00011439306, 0.00011426004, 0.00012046171000000002, 0.00012036291, 0.00011401002, 0.00012033232000000001, 0.00012018697, 0.00011358648000000001, 0.00011338146000000001, 0.00011315196000000001, 0.00011290104000000001, 0.00010646284000000002, 0.00011256498, 0.00011235042000000001, 0.00011217042000000001, 0.00011205342000000001, 0.0001242992, 0.0001179577, 0.00011774186, 0.00011141586000000001, 0.00011126844000000001]}, "02.00": {"k": [0.587078, 0.585483, 0.583403, 0.58184, 0.58001, 0.578544, 0.57685, 0.575206, 0.573518, 0.571974, 0.570164, 0.568312, 0.566901, 0.56533, 0.563776, 0.562274, 0.560939, 0.559185, 0.557945, 0.556534, 0.554863, 0.553705, 0.552228, 0.55058, 0.549484, 0.548107, 0.546902, 0.545433, 0.544463, 0.543099, 0.541458, 0.540044, 0.539655, 0.538017, 0.537021, 0.535576, 0.534462, 0.533163, 0.532147, 0.530695, 0.529848, 0.52856, 0.527634, 0.526411, 0.525274, 0.524172, 0.523413, 0.522066, 0.521103, 0.520084, 0.519314, 0.518673, 0.518023, 0.517655, 0.517466, 0.516897, 0.515829, 0.514417, 0.513312, 0.512126, 0.510854, 0.509748, 0.508899, 0.507635, 0.507038, 0.505953, 0.505208, 0.504235, 0.503426, 0.502529], "kerr": [0.00011154482, 0.00012295143, 0.00012251463, 0.00011636800000000001, 0.000116002, 0.00012149423999999999, 0.0001211385, 0.0001150412, 0.0001147036, 0.00012011454, 0.00011403280000000001, 0.00010797928000000001, 0.00011904921, 0.0001243726, 0.00012966848000000003, 0.00011807754000000001, 0.00011779719, 0.00011183700000000002, 0.00012274790000000002, 0.00012243747999999999, 0.00012206986, 0.00012735215, 0.00011596788000000002, 0.0001156218, 0.00012088648, 0.00012058354, 0.00011484942, 0.00011999526, 0.00011433723000000002, 0.00011405079000000001, 0.00011370618, 0.00011340924, 0.00011332755, 0.00011836374, 0.00011277441, 0.00012318248, 0.00011758164, 0.00011729586000000001, 0.00011707234000000002, 0.0001167529, 0.00012716352, 0.0001268544, 0.00011607948000000002, 0.00012633864, 0.00012081302000000001, 0.00012055956, 0.00012038499, 0.00012007518, 0.00012506472, 0.00011961932, 0.00011944222000000001, 0.00011929479000000001, 0.00011914529, 0.00011906064999999999, 0.00011901718, 0.00011888631000000002, 0.00011864067, 0.00011831591, 0.00011292864, 0.00011778897999999999, 0.00012260496000000002, 0.00011724204, 0.00011195778, 0.0001218324, 0.00011661874, 0.00012142872, 0.00011619784, 0.0001210164, 0.00012082224, 0.00012060696]}, "10.00": {"k": [0.343975, 0.34312, 0.342374, 0.341482, 0.34061, 0.339719, 0.338954, 0.338265, 0.337416, 0.336481, 0.335645, 0.335139, 0.334398, 0.333736, 0.333078, 0.332012, 0.331456, 0.330784, 0.330028, 0.329329, 0.328619, 0.328021, 0.327567, 0.326945, 0.326092, 0.325669, 0.324769, 0.32423, 0.32362, 0.322916, 0.32222, 0.321726, 0.321605, 0.320963, 0.320311, 0.319658, 0.31898, 0.318409, 0.317771, 0.31742, 0.316686, 0.316179, 0.315579, 0.314967, 0.314724, 0.313968, 0.313614, 0.313022, 0.312634, 0.311989, 0.311828, 0.31164, 0.311174, 0.311078, 0.310902, 0.310611, 0.310123, 0.309571, 0.308885, 0.308174, 0.307741, 0.30727, 0.306737, 0.306264, 0.305763, 0.305353, 0.304993, 0.304271, 0.304035, 0.303597],