{"00.00": {"k": [1.08593, 1.08563, 1.08527, 1.08507, 1.08476, 1.08437, 1.08391, 1.08371, 1.08331, 1.08305, 1.08254, 1.08221, 1.0818, 1.08143, 1.08115, 1.08074, 1.08034, 1.07992, 1.07964, 1.0793, 1.07904, 1.07868, 1.07845, 1.07809, 1.07782, 1.07755, 1.07723, 1.07673, 1.07658, 1.07635, 1.07579, 1.07552, 1.07528, 1.07497, 1.07481, 1.07458, 1.07441, 1.07408, 1.07384, 1.07361, 1.07335, 1.07311, 1.07293, 1.07272, 1.07234, 1.07229, 1.07198, 1.07184, 1.07168, 1.07146, 1.07144, 1.07127, 1.07104, 1.07086, 1.07065, 1.07035, 1.07026, 1.07009, 1.0699, 1.06977, 1.06948, 1.06936, 1.06907, 1.06891, 1.06866, 1.06848, 1.06817, 1.06816, 1.06785, 1.06761], "kerr": [7.058545e-05, 6.839469e-05, 6.837201e-05, 6.835941e-05, 6.833987999999999e-05, 7.048405e-05, 7.045414999999998e-05, 7.152486000000001e-05, 7.149846e-05, 6.823215e-05, 7.253018000000001e-05, 6.601481e-05, 7.46442e-05, 6.813008999999999e-05, 7.56805e-05, 6.916736e-05, 6.590074e-05, 6.695504e-05, 6.693767999999999e-05, 6.907519999999999e-05, 7.01376e-05, 7.01142e-05, 6.68639e-05, 7.762248e-05, 6.898048e-05, 6.357544999999999e-05, 7.217440999999999e-05, 6.998745e-05, 6.890112e-05, 6.67337e-05, 7.100214e-05, 6.99088e-05, 6.881792e-05, 6.987304999999999e-05, 6.44886e-05, 6.877312000000001e-05, 7.198547e-05, 6.766703999999999e-05, 6.979959999999999e-05, 6.871103999999999e-05, 7.191445000000001e-05, 7.189837000000001e-05, 7.081338e-05, 6.865407999999999e-05, 6.541274e-05, 6.969884999999999e-05, 6.860672e-05, 7.074144e-05, 6.965919999999999e-05, 7.071636000000002e-05, 6.857215999999999e-05, 6.856127999999999e-05, 6.854656e-05, 6.746417999999999e-05, 7.173355000000001e-05, 6.743204999999999e-05, 7.063716e-05, 6.848575999999999e-05, 6.74037e-05, 6.739551000000001e-05, 7.379412e-05, 6.95084e-05, 7.055862e-05, 6.520351e-05, 6.946289999999999e-05, 6.41088e-05, 6.622654000000001e-05, 6.836224e-05, 6.513884999999999e-05, 6.939464999999998e-05]}, "01.00": {"k": [0.704864, 0.702755, 0.701079, 0.699308, 0.697484, 0.695718, 0.694097, 0.692056, 0.690543, 0.688624, 0.686832, 0.685105, 0.6838, 0.681887, 0.680479, 0.678786, 0.677389, 0.675805, 0.674338, 0.672787, 0.671408, 0.669974, 0.668496, 0.667269, 0.665554, 0.664309, 0.662853, 0.661495, 0.660166, 0.659174, 0.657145, 0.655899, 0.655129, 0.653928, 0.652602, 0.651377, 0.650052, 0.648983, 0.647738, 0.646481, 0.645428, 0.644291, 0.642889, 0.642095, 0.640718, 0.639433, 0.638753, 0.637471, 0.636768, 0.635737, 0.635068, 0.634421, 0.633674, 0.63344, 0.633377, 0.632825, 0.631363, 0.630165, 0.628909, 0.627661, 0.626725, 0.625431, 0.624519, 0.623436, 0.622547, 0.621766, 0.620796, 0.620018, 0.61916, 0.618174], "kerr": [0.00011277824000000001, 0.00011244080000000002, 0.00011217264000000001, 0.00011888236000000002, 0.00011159744000000001, 0.00011131488, 0.00011105552000000001, 0.00011072896000000001, 0.00011739231000000001, 0.00011017984000000001, 0.00011676144, 0.00011646785, 0.000116246, 0.00011592079000000002, 0.00011568143, 0.00011539362000000001, 0.00010838224000000001, 0.00011488685, 0.00011463746000000001, 0.00011437379000000001, 0.00012085344000000001, 0.00011389558, 0.00012032928, 0.00011343573000000001, 0.00011314418, 0.00011293253000000002, 0.00011268501000000001, 0.00011245415000000001, 0.00011882988000000002, 0.00011865132000000001, 0.0001182861, 0.00011150283000000001, 0.00011137193, 0.00011116776, 0.00011094234, 0.00011073409000000001, 0.00011050884, 0.00011681694, 0.00010363808000000002, 0.00010990177, 0.00010972276, 0.00010952947, 0.00010929113000000002, 0.0001155771, 0.00011532924000000001, 0.00011509794000000001, 0.00011497554000000001, 0.00012111949000000001, 0.00011461824000000001, 0.00011443266000000001, 0.00012066292, 0.00010785157000000001, 0.00011406132, 0.0001203536, 0.00012034163, 0.0001139085, 0.00011995897, 0.00011342970000000001, 0.00011949271000000002, 0.00011297898000000002, 0.00011281050000000001, 0.00011257758, 0.00011241342000000001, 0.00011221848000000001, 0.00011205846, 0.00011191788000000001, 0.00011174328000000001, 0.00011780342, 0.00012383200000000002, 0.00011745306]}, "T": [300.0, 310.0, 320.0, 330.0, 340.0, 350.0, 360.0, 370.0, 380.0, 390.0, 400.0, 410.0, 420.0, 430.0, 440.0, 450.0, 460.0, 470.0, 480.0, 490.0, 500.0, 510.0, 520.0, 530.0, 540.0, 550.0, 560.0, 570.0, 580.0, 590.0, 600.0, 610.0, 620.0, 630.0, 640.0, 650.0, 660.0, 670.0, 680.0, 690.0, 700.0, 710.0, 720.0, 730.0, 740.0, 750.0, 760.0, 770.0, 780.0, 790.0, 800.0, 810.0, 820.0, 830.0, 840.0, 850.0, 860.0, 870.0, 880.0, 890.0, 900.0, 910.0, 920.0, 930.0, 940.0, 950.0, 960.0, 970.0, 980.0, 990.0]}