{"00.00": {"k": [1.08539, 1.08502, 1.08482, 1.08448, 1.08405, 1.08379, 1.08339, 1.08298, 1.08262, 1.08236, 1.0819, 1.08164, 1.08117, 1.08087, 1.08054, 1.08018, 1.07975, 1.07949, 1.07904, 1.07888, 1.0783, 1.07814, 1.07778, 1.07762, 1.07717, 1.07691, 1.07661, 1.07626, 1.07605, 1.0757, 1.0753, 1.07518, 1.07493, 1.07468, 1.07441, 1.07411, 1.0738, 1.07359, 1.07348, 1.07313, 1.07285, 1.07286, 1.07256, 1.07236, 1.07202, 1.07189, 1.07173, 1.07151, 1.07127, 1.07112, 1.07094, 1.07076, 1.0705, 1.07038, 1.07036, 1.06997, 1.06979, 1.06966, 1.06927, 1.06926, 1.06904, 1.06891, 1.06865, 1.06837, 1.0682, 1.06806, 1.06794, 1.06763, 1.06738, 1.06717], "kerr": [7.055035e-05, 7.269634e-05, 6.834366e-05, 6.832224e-05, 6.829514999999999e-05, 6.936256e-05, 7.042035e-05, 7.364264e-05, 7.037029999999999e-05, 6.927104e-05, 6.92416e-05, 6.922496e-05, 6.811371e-05, 7.241829e-05, 6.375186e-05, 6.48108e-05, 6.9104e-05, 7.340532e-05, 6.797952e-05, 6.689056e-05, 6.685460000000001e-05, 6.792282000000001e-05, 6.897792e-05, 6.789006e-05, 6.786171e-05, 6.676842000000001e-05, 6.782643e-05, 6.995689999999999e-05, 6.779115e-05, 6.99205e-05, 7.09698e-05, 6.881152e-05, 7.094538e-05, 6.770484e-05, 6.661342000000001e-05, 6.766892999999999e-05, 6.76494e-05, 6.870976e-05, 6.655576e-05, 6.653406e-05, 7.080810000000001e-05, 6.866303999999999e-05, 6.649872e-05, 6.755868e-05, 6.968129999999999e-05, 6.967285e-05, 6.966245e-05, 7.071966e-05, 6.749000999999999e-05, 7.069392e-05, 7.389486e-05, 6.852864e-05, 6.74415e-05, 6.529318e-05, 6.529196e-05, 6.954805e-05, 6.739677e-05, 6.845824e-05, 6.736401e-05, 7.057116000000001e-05, 6.734952e-05, 6.841024e-05, 6.518765e-05, 6.730731e-05, 7.15694e-05, 7.262808e-05, 6.514434e-05, 6.939595e-05, 6.93797e-05, 6.723171e-05]}, "01.00": {"k": [0.704615, 0.702487, 0.700607, 0.698966, 0.697397, 0.695342, 0.6938, 0.691882, 0.69024, 0.688333, 0.686539, 0.684927, 0.683367, 0.681774, 0.680044, 0.678814, 0.676995, 0.675563, 0.674108, 0.672579, 0.671157, 0.669402, 0.667884, 0.666694, 0.665364, 0.663978, 0.662692, 0.661461, 0.660043, 0.658481, 0.65715, 0.655583, 0.654872, 0.653552, 0.652315, 0.651036, 0.649987, 0.648805, 0.64747, 0.646647, 0.645114, 0.644133, 0.642915, 0.641688, 0.640622, 0.639385, 0.638781, 0.637534, 0.636509, 0.635528, 0.634662, 0.634197, 0.63374, 0.633133, 0.633105, 0.63258, 0.631321, 0.629747, 0.628501, 0.627539, 0.626358, 0.625232, 0.624226, 0.623358, 0.622581, 0.621754, 0.620792, 0.619623, 0.619021, 0.618197], "kerr": [0.0001127384, 0.00011239792, 0.00011209712, 0.00011183456, 0.00011158352000000001, 0.0001043013, 0.000111008, 0.00011070112, 0.0001104384, 0.00011013328, 0.00010984624000000001, 0.00011643759, 0.00010933872, 0.00011590158, 0.00011560748, 0.00012218652000000002, 0.00012185910000000001, 0.00011484571000000001, 0.00011459836000000001, 0.00011433843000000002, 0.00011409669000000001, 0.00011379834000000002, 0.00011354028000000002, 0.00011333798, 0.00010645824, 0.00010623648, 0.00011265763999999999, 0.00011906298000000001, 0.00011220731000000001, 0.00011852658000000001, 0.00011828700000000001, 0.00011800494000000002, 0.00011787696000000001, 0.00011763936000000001, 0.00011089355000000001, 0.00011067612, 0.00011049779000000001, 0.00011029685000000001, 0.0001100699, 0.00010992999, 0.00010966938, 0.00011594394, 0.00012215385, 0.00010908696000000002, 0.00011531196000000001, 0.0001150893, 0.00010859277000000002, 0.00011475612000000002, 0.00010820653000000001, 0.00011439504000000001, 0.00011423916, 0.00010781349000000001, 0.0001140732, 0.00010763261, 0.00011395890000000002, 0.00012019020000000001, 0.00011363778000000001, 0.00011335445999999999, 0.00011941519000000001, 0.00011295702, 0.00010648086, 0.00011254176, 0.00011236068, 0.00010597086, 0.00011206458000000002, 0.00011813326, 0.00010553464000000001, 0.00011153214000000001, 0.00011142378000000002, 0.00011745743]}, "02.00": {"k": [0.587052, 0.585128, 0.583579, 0.582092, 0.58003, 0.578464, 0.57681, 0.575239, 0.57336, 0.571798, 0.570079, 0.568597, 0.567031, 0.565331, 0.563862, 0.562213, 0.560935, 0.559394, 0.557997, 0.556373, 0.555173, 0.553608, 0.552225, 0.550827, 0.549577, 0.548185, 0.546491, 0.545527, 0.544205, 0.542839, 0.541195, 0.54012, 0.539518, 0.538212, 0.536828, 0.535749, 0.53464, 0.533236, 0.532028, 0.530809, 0.529696, 0.528734, 0.527454, 0.526362, 0.52508, 0.524214, 0.523041, 0.521944, 0.521024, 0.519965, 0.519129, 0.518499, 0.518111, 0.517879, 0.517355, 0.517023, 0.515635, 0.51444, 0.513106, 0.511726, 0.510584, 0.509769, 0.508785, 0.50788, 0.506854, 0.505685, 0.504881, 0.504165, 0.503494, 0.502834], "kerr": [0.00011153988000000001, 0.0001170256, 0.00012255159, 0.00012223932000000003, 0.00012180630000000001, 0.00012147744, 0.00012113010000000001, 0.00012655258, 0.0001204056, 0.00012007758000000001, 0.00011971659, 0.00011940537000000001, 0.00011907650999999999, 0.00012437282, 0.00011841102, 0.00012368686, 0.00011779634999999999, 0.00012306667999999998, 0.00012833931, 0.00011683833, 0.00011658633000000001, 0.00011625768, 0.0001214895, 0.00012118193999999999, 0.00012090694, 0.00012060070000000001, 0.00011476310999999999, 0.00012001594000000001, 0.00011972510000000002, 0.00011399619, 0.0001190629, 0.00011342520000000002, 0.00011869396000000001, 0.00012378876, 0.00012347043999999999, 0.00011786478000000001, 0.00012296720000000002, 0.00011731192000000001, 0.00011704615999999999, 0.00012208607, 0.00012183008, 0.00012689616000000002, 0.00011603988, 0.00011579964, 0.0001155176, 0.00012581136, 0.00012029943, 0.00012004711999999999, 0.00011983552000000002, 0.0001143923, 0.00012978225, 0.00011406978000000001, 0.00011916553, 0.00011911216999999999, 0.00011899165, 0.00011891529, 0.00011859604999999999, 0.0001234656, 0.00011801438, 0.00011257972, 0.00012254016000000001, 0.00011724687000000002, 0.00011702055000000001, 0.0001218912, 0.00011657642, 0.00011630755000000002, 0.00011612263000000001, 0.00012604125, 0.00012083856, 0.0001257085]}, "10.00": {"k": [0.344136, 0.343003, 0.341982, 0.341556, 0.340516, 0.339725, 0.338885, 0.338197, 0.337265, 0.336549, 0.335901, 0.334967, 0.334217, 0.333457, 0.332853, 0.331992, 0.33144, 0.330675, 0.329971, 0.329383, 0.32884, 0.327975, 0.327499, 0.326772, 0.326149, 0.325379, 0.324899, 0.324329, 0.323616, 0.322919, 0.322286, 0.321869, 0.321517, 0.32083, 0.320144, 0.3197, 0.3192, 0.318464, 0.317923, 0.317331, 0.316827, 0.316325, 0.315757, 0.315005, 0.314607, 0.314023, 0.313552, 0.312977, 0.312549, 0.312153, 0.311805, 0.311612, 0.311318, 0.311154, 0.310973, 0.310736, 0.310159, 0.309537, 0.30883, 0.30817, 0.307695, 0.307165, 0.306626, 0.306409, 0.30573, 0.305305, 0.304844, 0.304475, 0.304163, 0.30371], "kerr": [9.291672e-05, 9.261081e-05, 9.233514e-05, 9.222012e-05, 9.193932e-05, 8.832849999999999e-05, 9.149895e-05, 8.793122e-05, 9.443419999999998e-05, 8.413725e-05, 8.061624e-05, 9.714043000000001e-05, 8.689641999999999e-05, 9.003339e-05, 8.987031e-05, 9.295776e-05, 8.948880000000001e-05, 8.928225e-05, 8.909217e-05, 8.563957999999998e-05, 8.87868e-05, 8.855325000000001e-05, 9.169971999999999e-05, 8.822844e-05, 8.806023000000001e-05, 9.110611999999999e-05, 9.422071e-05, 9.081211999999999e-05, 9.061248e-05, 9.041732e-05, 9.024008e-05, 9.334201e-05, 9.002475999999999e-05, 9.30407e-05, 8.964031999999998e-05, 8.951599999999999e-05, 8.6184e-05, 8.598528e-05, 8.901844e-05, 8.567936999999999e-05, 8.554329000000001e-05, 8.8571e-05, 9.156953e-05, 8.505135e-05, 8.494389000000001e-05, 8.478621e-05, 8.152352e-05, 9.076333000000001e-05, 8.751372e-05, 8.740283999999999e-05, 9.042345e-05, 8.413524e-05, 8.405586e-05, 8.401157999999999e-05, 8.707243999999999e-05, 8.700607999999999e-05, 8.374293000000001e-05, 9.28611e-05, 8.64724e-05, 8.93693e-05, 8.307765e-05, 8.907785e-05, 8.585527999999999e-05, 7.966633999999999e-05, 8.25471e-05, 8.243235e-05, 8.535632e-05, 8.829775e-05, 8.212401e-05, 8.80759e-05]},