{"00.00": {"k": [1.08731, 1.086657, 1.086411, 1.085878, 1.085652, 1.085018, 1.08437, 1.084507, 1.08366, 1.083179, 1.083018, 1.082969, 1.08208, 1.08171, 1.081569, 1.080922, 1.08042, 1.080328, 1.08005, 1.079866, 1.079411, 1.079429, 1.078882, 1.078372, 1.078223, 1.077808, 1.077694, 1.077222, 1.076741, 1.076583, 1.076307, 1.075848, 1.075733, 1.076041, 1.074933, 1.075112, 1.074516, 1.074387, 1.074559, 1.073963, 1.073771, 1.073623, 1.073563, 1.073097, 1.073095, 1.072846, 1.072662, 1.072325, 1.072259, 1.071823, 1.071571, 1.071503, 1.071063, 1.070996, 1.07086, 1.070979, 1.070503, 1.070273, 1.070154, 1.069777, 1.069606, 1.069549, 1.06906, 1.068927, 1.069152, 1.068542], "kerr": [0.000194, 0.000181, 0.000178, 0.000184, 0.000176, 0.000186, 0.000181, 0.000181, 0.000175, 0.000167, 0.000169, 0.000173, 0.000169, 0.000202, 0.000158, 0.000164, 0.00017, 0.000175, 0.000167, 0.000166, 0.000165, 0.000204, 0.000192, 0.000177, 0.000163, 0.000173, 0.000178, 0.000182, 0.00016, 0.00019, 0.000175, 0.000171, 0.000166, 0.000167, 0.000196, 0.000187, 0.000161, 0.000163, 0.000158, 0.000166, 0.000179, 0.000167, 0.000175, 0.00016, 0.000179, 0.000166, 0.000177, 0.000166, 0.000181, 0.000161, 0.00018, 0.000166, 0.000166, 0.000159, 0.000167, 0.000178, 0.000185, 0.000165, 0.000173, 0.000167, 0.000186, 0.000163, 0.000177, 0.000169, 0.000164, 0.00017]}, "01.00": {"k": [0.705891, 0.703352, 0.701547, 0.699909, 0.697777, 0.695833, 0.694013, 0.692389, 0.690539, 0.688656, 0.687126, 0.685384, 0.68399, 0.682011, 0.68037, 0.67929, 0.677336, 0.676029, 0.674552, 0.673196, 0.671489, 0.670002, 0.668895, 0.667115, 0.66588, 0.664663, 0.663178, 0.660779, 0.65957, 0.65835, 0.656473, 0.655442, 0.654144, 0.653058, 0.651602, 0.650653, 0.649429, 0.648329, 0.64736, 0.646203, 0.645, 0.643901, 0.642859, 0.641941, 0.641082, 0.640021, 0.638641, 0.637763, 0.636186, 0.635743, 0.634408, 0.6333, 0.632332, 0.631789, 0.630656, 0.629766, 0.628831, 0.627676, 0.627119, 0.625987, 0.623885, 0.623086, 0.622089, 0.620909, 0.620206, 0.619375], "kerr": [0.000174, 0.000179, 0.000172, 0.00017, 0.00017, 0.000175, 0.000167, 0.000161, 0.000153, 0.00017, 0.000162, 0.000156, 0.000155, 0.000161, 0.000161, 0.000164, 0.000154, 0.000161, 0.000172, 0.000166, 0.00016, 0.000177, 0.000177, 0.00015, 0.000178, 0.000154, 0.000157, 0.000162, 0.000153, 0.000152, 0.000152, 0.000187, 0.000179, 0.000181, 0.000166, 0.000166, 0.000151, 0.000168, 0.000166, 0.000158, 0.000164, 0.00017, 0.000158, 0.000156, 0.000148, 0.000155, 0.000155, 0.000155, 0.000147, 0.000159, 0.00015, 0.00018, 0.000175, 0.000151, 0.000152, 0.000164, 0.000168, 0.000164, 0.000162, 0.000144, 0.000162, 0.000137, 0.00016, 0.000158, 0.000148, 0.000155]}, "T": [300.0, 310.0, 320.0, 330.0, 340.0, 350.0, 360.0, 370.0, 380.0, 390.0, 400.0, 410.0, 420.0, 430.0, 440.0, 450.0, 460.0, 470.0, 480.0, 490.0, 500.0, 510.0, 520.0, 530.0, 540.0, 550.0, 560.0, 570.0, 580.0, 590.0, 600.0, 610.0, 620.0, 630.0, 640.0, 650.0, 660.0, 670.0, 680.0, 690.0, 700.0, 710.0, 720.0, 730.0, 740.0, 750.0, 760.0, 770.0, 780.0, 790.0, 800.0, 810.0, 820.0, 830.0, 840.0, 850.0, 860.0, 870.0, 880.0, 890.0, 900.0, 910.0, 920.0, 930.0, 940.0, 950.0]}