{"00.00": {"k": [1.087483, 1.086567, 1.086182, 1.086394, 1.085331, 1.084974, 1.085002, 1.084743, 1.083986, 1.083604, 1.083053, 1.082494, 1.082299, 1.08214, 1.081427, 1.081282, 1.081001, 1.080466, 1.080132, 1.07963, 1.079869, 1.079374, 1.079188, 1.078619, 1.078272, 1.077793, 1.077802, 1.077764, 1.07725, 1.076921, 1.076504, 1.076411, 1.076164, 1.075824, 1.075589, 1.075218, 1.075303, 1.074561, 1.074329, 1.074494, 1.07393, 1.073726, 1.073533, 1.073468, 1.073059, 1.073251, 1.072914, 1.072725, 1.072226, 1.072102, 1.072106, 1.07185, 1.071382, 1.070976, 1.071258, 1.070942, 1.07092, 1.070506, 1.070647, 1.070012, 1.070088, 1.069972, 1.069661, 1.069423, 1.069188, 1.068962], "kerr": [0.000174, 0.00018, 0.000167, 0.000167, 0.000181, 0.000182, 0.000169, 0.000175, 0.000174, 0.000184, 0.000166, 0.000167, 0.00017, 0.000167, 0.000166, 0.000181, 0.000177, 0.000177, 0.000175, 0.000169, 0.000185, 0.000178, 0.00018, 0.000158, 0.000167, 0.000177, 0.000172, 0.000178, 0.000196, 0.000185, 0.000181, 0.000171, 0.000159, 0.000172, 0.000175, 0.000187, 0.000169, 0.000165, 0.000169, 0.000166, 0.00019, 0.000179, 0.000173, 0.000164, 0.000161, 0.000185, 0.000177, 0.000191, 0.00018, 0.000155, 0.000166, 0.000185, 0.000201, 0.000171, 0.000178, 0.000168, 0.000164, 0.000171, 0.00019, 0.000172, 0.000164, 0.000185, 0.000163, 0.000173, 0.000169, 0.000165]}, "01.00": {"k": [0.704689, 0.702597, 0.700621, 0.699136, 0.697006, 0.695563, 0.693507, 0.691645, 0.690101, 0.688331, 0.686594, 0.684557, 0.683011, 0.68139, 0.680357, 0.678613, 0.677253, 0.675216, 0.674093, 0.672568, 0.671298, 0.669395, 0.668044, 0.666828, 0.665694, 0.664345, 0.662808, 0.66108, 0.65975, 0.658628, 0.657759, 0.655938, 0.654668, 0.653481, 0.652577, 0.651461, 0.65023, 0.648861, 0.647799, 0.646897, 0.645632, 0.644854, 0.643873, 0.64253, 0.641542, 0.640418, 0.639363, 0.638287, 0.63711, 0.636383, 0.635345, 0.634283, 0.633266, 0.632333, 0.631269, 0.630532, 0.629561, 0.62848, 0.62769, 0.627018, 0.625939, 0.624726, 0.623814, 0.62281, 0.622339, 0.621228], "kerr": [0.00017, 0.000163, 0.000167, 0.000156, 0.000198, 0.000155, 0.000157, 0.000172, 0.000174, 0.000165, 0.000172, 0.000158, 0.000171, 0.000155, 0.000175, 0.000159, 0.000183, 0.000182, 0.000163, 0.000152, 0.000166, 0.000188, 0.000168, 0.000159, 0.000186, 0.000148, 0.000177, 0.000166, 0.000158, 0.000152, 0.000149, 0.000154, 0.00015, 0.000174, 0.000152, 0.000179, 0.000157, 0.00016, 0.000155, 0.000143, 0.000148, 0.000145, 0.000151, 0.000162, 0.000178, 0.000149, 0.000158, 0.000159, 0.00016, 0.000155, 0.000154, 0.000151, 0.00017, 0.00017, 0.000152, 0.000147, 0.00016, 0.000161, 0.000161, 0.00014, 0.000149, 0.00016, 0.000142, 0.000153, 0.000153, 0.000164]}, "02.00": {"k": [0.587171, 0.585408, 0.583558, 0.581956, 0.580196, 0.578241, 0.576599, 0.575102, 0.573252, 0.571623, 0.569955, 0.568058, 0.566727, 0.565126, 0.563767, 0.562361, 0.560751, 0.559346, 0.558052, 0.55632, 0.555185, 0.553707, 0.552259, 0.551029, 0.549795, 0.548508, 0.546898, 0.545344, 0.544256, 0.542881, 0.541769, 0.54055, 0.539183, 0.537716, 0.536694, 0.535887, 0.53449, 0.532999, 0.532357, 0.53122, 0.529898, 0.529213, 0.528044, 0.526648, 0.525897, 0.52498, 0.523665, 0.522557, 0.521395, 0.520623, 0.519619, 0.518384, 0.517865, 0.516539, 0.515575, 0.51463, 0.513962, 0.512986, 0.511977, 0.511048, 0.509786, 0.508857, 0.508074, 0.507277, 0.50634, 0.505479], "kerr": [0.000146, 0.000154, 0.00014, 0.000147, 0.000148, 0.000158, 0.000163, 0.000153, 0.000144, 0.000144, 0.000155, 0.000153, 0.000145, 0.000163, 0.000147, 0.000159, 0.000141, 0.000159, 0.000204, 0.000134, 0.000157, 0.000135, 0.000141, 0.000146, 0.000162, 0.000171, 0.000139, 0.000151, 0.000142, 0.00014, 0.000137, 0.000154, 0.000149, 0.000152, 0.000152, 0.000138, 0.00014, 0.00018, 0.000134, 0.000141, 0.000164, 0.000161, 0.000149, 0.00018, 0.000154, 0.000161, 0.000147, 0.000152, 0.000148, 0.00014, 0.00014, 0.000158, 0.000137, 0.000145, 0.000137, 0.000137, 0.000153, 0.000139, 0.000148, 0.000134, 0.00015, 0.000129, 0.00013, 0.000158, 0.000138, 0.000133]}, "10.00": {"k": [0.344233, 0.343406, 0.342372, 0.341509, 0.340614, 0.34004, 0.339397, 0.338207, 0.337591, 0.336765, 0.33593, 0.335333, 0.334573, 0.333778, 0.332968, 0.332326, 0.33169, 0.330987, 0.330331, 0.329678, 0.328835, 0.328334, 0.327624, 0.32693, 0.326367, 0.325856, 0.325172, 0.324437, 0.323701, 0.323192, 0.322427, 0.321783, 0.321232, 0.320755, 0.320133, 0.31949, 0.318984, 0.318564, 0.317858, 0.317461, 0.316944, 0.316434, 0.31593, 0.315413, 0.314932, 0.31445, 0.313761, 0.313448, 0.31283, 0.312472, 0.311828, 0.31138, 0.310854, 0.310461, 0.309911, 0.3095, 0.308991, 0.308554, 0.308099, 0.30759, 0.307163, 0.306645, 0.306223, 0.305769, 0.305428, 0.305058], "kerr": [9.6e-05, 9.2e-05, 8.8e-05, 9e-05, 0.0001, 9e-05, 0.000107, 9.9e-05, 9.1e-05, 0.0001, 9.4e-05, 8.4e-05, 9.1e-05, 9e-05, 9.9e-05, 9.5e-05, 9e-05, 8.4e-05, 9.9e-05, 8.5e-05, 9.1e-05, 8.7e-05, 8.6e-05, 8.6e-05, 0.000102, 8.3e-05, 9.5e-05, 8.7e-05, 8.7e-05, 8.8e-05, 8.1e-05, 8.5e-05, 8.4e-05, 8.9e-05, 8.5e-05, 9e-05, 8.9e-05, 9.6e-05, 8.5e-05, 8e-05, 8.5e-05, 8.5e-05, 8.3e-05, 8.1e-05, 8.9e-05, 8.3e-05, 8.3e-05, 8.3e-05, 8.1e-05, 8.2e-05, 8.3e-05, 0.000106, 8.9e-05, 7.5e-05, 8.1e-05, 8.6e-05, 8.2e-05, 9.5e-05, 8.2e-05, 0.000105, 7.7e-05, 8.9e-05, 7.9e-05, 8e-05, 7.7e-05, 8.4e-05]}, "T": [300.0, 310.0, 320.0, 330.0, 340.0, 350.0, 360.0, 370.0, 380.0, 390.0, 400.0, 410.0, 420.0, 430.0, 440.0, 450.0, 460.0, 470.0, 480.0, 490.0, 500.0, 510.0, 520.0, 530.0, 540.0, 550.0, 560.0, 570.0, 580.0, 590.0, 600.0, 610.0, 620.0, 630.0, 640.0, 650.0, 660.0, 670.0, 680.0, 690.0, 700.0, 710.0, 720.0, 730.0, 740.0, 750.0, 760.0, 770.0, 780.0, 790.0, 800.0, 810.0, 820.0, 830.0, 840.0, 850.0, 860.0, 870.0, 880.0, 890.0, 900.0, 910.0, 920.0, 930.0, 940.0, 950.0]}