{"00.00": {"k": [1.08529, 1.08502, 1.08464, 1.08438, 1.0841, 1.08379, 1.08334, 1.08293, 1.08268, 1.08236, 1.08198, 1.08158, 1.08123, 1.08085, 1.0806, 1.08012, 1.07979, 1.07937, 1.07924, 1.07891, 1.07833, 1.07804, 1.07771, 1.07747, 1.07718, 1.07684, 1.07654, 1.07628, 1.07597, 1.0757, 1.07543, 1.07511, 1.07495, 1.07465, 1.07432, 1.07424, 1.07387, 1.07369, 1.0733, 1.07322, 1.07299, 1.0728, 1.07245, 1.07227, 1.07208, 1.07192, 1.07159, 1.07152, 1.07139, 1.07113, 1.07099, 1.07081, 1.07055, 1.07037, 1.07024, 1.06995, 1.0699, 1.06963, 1.06952, 1.06934, 1.06906, 1.06889, 1.06866, 1.06854, 1.06835, 1.06805, 1.06773, 1.06768, 1.06741, 1.06735], "kerr": [6.837327000000001e-05, 7.05263e-05, 6.833232e-05, 6.940031999999999e-05, 6.93824e-05, 7.261393e-05, 7.258378e-05, 6.714166e-05, 6.820884e-05, 7.03534e-05, 7.032869999999999e-05, 6.705796e-05, 7.352364e-05, 7.241695e-05, 7.023899999999999e-05, 6.588732e-05, 6.802677e-05, 6.800031e-05, 7.01506e-05, 6.689242000000001e-05, 7.116978000000001e-05, 7.115064000000001e-05, 6.574031e-05, 6.895807999999999e-05, 6.678516e-05, 6.99946e-05, 7.212818000000001e-05, 6.672936e-05, 7.316596000000001e-05, 6.77691e-05, 7.097838000000001e-05, 6.665682000000001e-05, 7.094670000000002e-05, 6.985225e-05, 7.090512000000001e-05, 6.660288e-05, 6.765381e-05, 6.871616e-05, 6.86912e-05, 6.868608e-05, 6.867136e-05, 6.86592e-05, 6.970924999999998e-05, 6.648074000000001e-05, 6.861312e-05, 6.860288e-05, 6.965335e-05, 6.96488e-05, 6.964035e-05, 6.855231999999999e-05, 7.175633e-05, 7.174427e-05, 6.958574999999999e-05, 6.743331e-05, 6.528464e-05, 6.63369e-05, 6.52639e-05, 6.738669e-05, 6.631024000000001e-05, 7.057644e-05, 7.376513999999999e-05, 7.161563e-05, 6.839424e-05, 6.94551e-05, 6.944274999999999e-05, 6.942324999999999e-05, 7.047018000000001e-05, 7.366992e-05, 7.044906000000001e-05, 6.83104e-05]}, "01.00": {"k": [0.704417, 0.702434, 0.70076, 0.698989, 0.697388, 0.695494, 0.693679, 0.691726, 0.690218, 0.688479, 0.686749, 0.684727, 0.683476, 0.681757, 0.68013, 0.67847, 0.67709, 0.675497, 0.67422, 0.672444, 0.671051, 0.669575, 0.66809, 0.66657, 0.665445, 0.66391, 0.662714, 0.661209, 0.659929, 0.658549, 0.657217, 0.655545, 0.655086, 0.653684, 0.652369, 0.651158, 0.649889, 0.648764, 0.647453, 0.64626, 0.64515, 0.644131, 0.642736, 0.64164, 0.640625, 0.639577, 0.638368, 0.637459, 0.636458, 0.635521, 0.63488, 0.634028, 0.63347, 0.633374, 0.632943, 0.632479, 0.631237, 0.629798, 0.628436, 0.62741, 0.626216, 0.625079, 0.624451, 0.623438, 0.622537, 0.621445, 0.620647, 0.619912, 0.61883, 0.618021], "kerr": [0.00010566254999999999, 0.00011238944000000001, 0.000105114, 0.00011183824, 0.00011855596, 0.00011823398, 0.00011792543000000001, 0.00011067616, 0.00011043488000000001, 0.00011015664, 0.00010987984000000001, 0.00011640359, 0.00011619092000000001, 0.00011589869, 0.0001156221, 0.00011533990000000001, 0.0001083344, 0.00010807952000000002, 0.00010787520000000002, 0.00011431548000000001, 0.00010736816, 0.00010713200000000002, 0.0001202562, 0.0001133169, 0.0001197801, 0.00011950380000000001, 0.00011266138000000001, 0.00011240553000000002, 0.00011218793000000001, 0.00011853882000000001, 0.00011172689000000002, 0.00011799810000000001, 0.00011136462, 0.00011766312000000001, 0.00012395011, 0.00011069686, 0.00011698002000000001, 0.00011677752, 0.00011006701, 0.0001098642, 0.0001096755, 0.00010950227000000002, 0.00010926512, 0.0001154952, 0.0001153125, 0.00011512386, 0.00011490624000000002, 0.00011474262000000001, 0.00011456244, 0.00012074899, 0.00011427840000000001, 0.00011412504000000001, 0.0001140246, 0.00012034106000000001, 0.00012025917000000001, 0.00011384622000000001, 0.00011362266000000001, 0.00011336364, 0.00011311848, 0.00010665970000000002, 0.00011898104000000001, 0.00011251422000000002, 0.00011864569000000001, 0.00011845322000000001, 0.00011828203, 0.00011186010000000001, 0.0001241294, 0.00011158416, 0.00011757770000000001, 0.00011124378000000002]}, "T": [300.0, 310.0, 320.0, 330.0, 340.0, 350.0, 360.0, 370.0, 380.0, 390.0, 400.0, 410.0, 420.0, 430.0, 440.0, 450.0, 460.0, 470.0, 480.0, 490.0, 500.0, 510.0, 520.0, 530.0, 540.0, 550.0, 560.0, 570.0, 580.0, 590.0, 600.0, 610.0, 620.0, 630.0, 640.0, 650.0, 660.0, 670.0, 680.0, 690.0, 700.0, 710.0, 720.0, 730.0, 740.0, 750.0, 760.0, 770.0, 780.0, 790.0, 800.0, 810.0, 820.0, 830.0, 840.0, 850.0, 860.0, 870.0, 880.0, 890.0, 900.0, 910.0, 920.0, 930.0, 940.0, 950.0, 960.0, 970.0, 980.0, 990.0]}