{"00.00": {"k": [1.072092, 1.071987, 1.071733, 1.07122, 1.071312, 1.071103, 1.071024, 1.07045, 1.070587, 1.070105], "kerr": [0.000164, 0.000199, 0.00018, 0.000158, 0.000179, 0.000153, 0.000177, 0.000167, 0.000167, 0.000163]}, "01.00": {"k": [0.635508, 0.634365, 0.633285, 0.632265, 0.631218, 0.629977, 0.629391, 0.628392, 0.627429, 0.626392], "kerr": [0.000154, 0.000144, 0.000168, 0.000162, 0.000146, 0.00019, 0.000164, 0.000162, 0.000166, 0.000153]}, "T": [800.0, 810.0, 820.0, 830.0, 840.0, 850.0, 860.0, 870.0, 880.0, 890.0]}