{"00.00": {"k": [1.08531, 1.08513, 1.08515, 1.085, 1.08473, 1.08478, 1.08446, 1.08428, 1.08392, 1.08379, 1.08373, 1.08351, 1.08318, 1.08315, 1.08293, 1.08267, 1.08253, 1.08214, 1.08193, 1.08194, 1.08143, 1.08139, 1.08128, 1.08101, 1.08079, 1.08058, 1.08048, 1.08029, 1.08025, 1.07983, 1.07982, 1.07963, 1.07946, 1.0793, 1.07906, 1.07901, 1.07879, 1.07875, 1.07864, 1.07844, 1.07841, 1.07813, 1.078, 1.07798, 1.07775, 1.07765, 1.07763, 1.0775, 1.07742, 1.07737, 1.07717, 1.07722, 1.0771, 1.07696, 1.07684, 1.07674, 1.07669, 1.07662, 1.07656, 1.07634, 1.0762, 1.07614, 1.07607, 1.07596, 1.0758, 1.07566, 1.0754, 1.07532, 1.07523, 1.0751], "kerr": [6.728922e-05, 7.161858e-05, 6.836445e-05, 7.052499999999999e-05, 6.833799e-05, 7.159548000000001e-05, 7.048989999999999e-05, 6.614108e-05, 6.937088e-05, 6.394361e-05, 7.044245e-05, 7.042815e-05, 6.49908e-05, 6.93216e-05, 7.147338e-05, 6.929088e-05, 6.711686e-05, 7.03391e-05, 7.357124000000001e-05, 7.140804e-05, 6.48858e-05, 7.137174000000002e-05, 6.703936e-05, 6.702262e-05, 6.700898e-05, 7.023770000000001e-05, 6.698976e-05, 6.697798000000001e-05, 6.805575e-05, 6.586963e-05, 6.802866e-05, 6.801669e-05, 7.124436000000001e-05, 7.12338e-05, 6.258547999999999e-05, 6.905664e-05, 6.580619e-05, 6.796125000000001e-05, 6.795432e-05, 7.117704000000002e-05, 6.793983e-05, 6.792219e-05, 6.683600000000001e-05, 6.683476e-05, 6.682050000000001e-05, 6.681430000000001e-05, 6.46578e-05, 6.895999999999999e-05, 6.680004e-05, 6.787431e-05, 6.786171e-05, 6.894208e-05, 6.67802e-05, 6.784848e-05, 6.568724e-05, 6.783462e-05, 6.783147e-05, 6.782705999999999e-05, 6.567016e-05, 6.350406e-05, 6.672440000000001e-05, 6.564454000000001e-05, 6.564027000000001e-05, 6.993739999999999e-05, 6.562380000000001e-05, 6.45396e-05, 6.77502e-05, 6.666984000000001e-05, 6.666426e-05, 6.66562e-05]}, "01.00": {"k": [0.704468, 0.70271, 0.700999, 0.699146, 0.697455, 0.695774, 0.694321, 0.692635, 0.690984, 0.689316, 0.687604, 0.685926, 0.684358, 0.683062, 0.681584, 0.679908, 0.678603, 0.67724, 0.675689, 0.674279, 0.672867, 0.671628, 0.670319, 0.668724, 0.667525, 0.666423, 0.66477, 0.663524, 0.662324, 0.661026, 0.659682, 0.65828, 0.657737, 0.656521, 0.654978, 0.65385, 0.652751, 0.651765, 0.650342, 0.649165, 0.648152, 0.647039, 0.646113, 0.64491, 0.643771, 0.642895, 0.64195, 0.640685, 0.639869, 0.639022, 0.63829, 0.637609, 0.637051, 0.637049, 0.636649, 0.636199, 0.634892, 0.633932, 0.632508, 0.631183, 0.63044, 0.628971, 0.628038, 0.627503, 0.626457, 0.625626, 0.624975, 0.623904, 0.623246, 0.62228], "kerr": [0.00011271488000000001, 0.0001124336, 0.00011215984000000001, 0.00011186336000000002, 0.00010461825, 0.00011132384000000001, 0.00011109136000000001, 0.0001108216, 0.00011055744000000001, 0.00011029056000000001, 0.00011689268000000001, 0.00010974816000000002, 0.00010949728000000002, 0.00011612054, 0.00011586928, 0.00011558436, 0.00011536251, 0.0001219032, 0.00011486713, 0.00011462743, 0.00011438739, 0.00011417676000000001, 0.00011395423, 0.00011368308000000001, 0.00010680400000000002, 0.00011329191, 0.0001063632, 0.00011279908000000001, 0.00011259508000000001, 0.00011237442000000001, 0.00011214594, 0.0001119076, 0.00011181529, 0.00011817378000000001, 0.00011134626, 0.00011115450000000002, 0.00011096767, 0.00011731770000000001, 0.00011706156000000001, 0.00011035805, 0.00011666736, 0.00010999663000000001, 0.00010983921000000002, 0.00010963470000000001, 0.00012231649, 0.00010929215000000001, 0.00010913150000000002, 0.00012173015, 0.00010877773000000002, 0.00011502396, 0.00011489220000000001, 0.00011476962, 0.00010829867000000002, 0.00011466882, 0.00012096331000000001, 0.0001272398, 0.00010793164000000001, 0.00011410776000000002, 0.00012017652, 0.00011992477000000001, 0.0001134792, 0.00011321477999999999, 0.00011304684, 0.00011295054000000002, 0.00011902683000000001, 0.00011261268, 0.00010624575, 0.00011230272, 0.00010595182, 0.00011201040000000002]}, "T": [300.0, 310.0, 320.0, 330.0, 340.0, 350.0, 360.0, 370.0, 380.0, 390.0, 400.0, 410.0, 420.0, 430.0, 440.0, 450.0, 460.0, 470.0, 480.0, 490.0, 500.0, 510.0, 520.0, 530.0, 540.0, 550.0, 560.0, 570.0, 580.0, 590.0, 600.0, 610.0, 620.0, 630.0, 640.0, 650.0, 660.0, 670.0, 680.0, 690.0, 700.0, 710.0, 720.0, 730.0, 740.0, 750.0, 760.0, 770.0, 780.0, 790.0, 800.0, 810.0, 820.0, 830.0, 840.0, 850.0, 860.0, 870.0, 880.0, 890.0, 900.0, 910.0, 920.0, 930.0, 940.0, 950.0, 960.0, 970.0, 980.0, 990.0]}