{"00.00": {"k": [1.087483, 1.087049, 1.086798, 1.086666, 1.086562, 1.086255, 1.085745, 1.085421, 1.085049, 1.08511, 1.084552, 1.084483, 1.084214, 1.083972, 1.083619, 1.083898, 1.083498, 1.083348, 1.083155, 1.082489, 1.082854, 1.082561, 1.082892, 1.082227, 1.082044, 1.081719, 1.081572, 1.081404, 1.081266, 1.080892, 1.081188, 1.080972, 1.08061, 1.080361, 1.080649, 1.080108, 1.080202, 1.08019, 1.079696, 1.079669, 1.079688, 1.079579, 1.079574, 1.079198, 1.079089, 1.079101, 1.079052, 1.079118, 1.07869, 1.078594, 1.078465, 1.078185, 1.077885, 1.077935, 1.078012, 1.077863, 1.077955, 1.077563, 1.07793, 1.077367, 1.077317, 1.076959, 1.076999, 1.076988, 1.076818, 1.076851], "kerr": [0.000174, 0.000171, 0.000174, 0.000177, 0.000186, 0.000185, 0.000162, 0.000177, 0.000171, 0.000165, 0.000177, 0.000177, 0.00016, 0.000188, 0.000179, 0.000199, 0.000162, 0.000164, 0.000193, 0.000182, 0.000177, 0.00019, 0.000179, 0.00021, 0.00017, 0.000169, 0.000174, 0.000169, 0.000171, 0.000176, 0.000182, 0.000189, 0.000165, 0.000168, 0.000167, 0.000177, 0.000173, 0.000178, 0.000158, 0.000165, 0.000177, 0.000159, 0.000185, 0.000179, 0.000185, 0.000183, 0.00016, 0.0002, 0.000169, 0.000165, 0.000158, 0.000183, 0.000212, 0.000161, 0.000165, 0.000172, 0.000156, 0.000184, 0.000171, 0.000185, 0.000187, 0.00017, 0.000168, 0.000169, 0.000182, 0.000176]}, "01.00": {"k": [0.704689, 0.702942, 0.701172, 0.699458, 0.697185, 0.695854, 0.6941, 0.692668, 0.690677, 0.689161, 0.687465, 0.686127, 0.684522, 0.682807, 0.68123, 0.680177, 0.678331, 0.677049, 0.675779, 0.67431, 0.67286, 0.671922, 0.670429, 0.668767, 0.667887, 0.66646, 0.665026, 0.664054, 0.662297, 0.661435, 0.659715, 0.658504, 0.657439, 0.656495, 0.655229, 0.654316, 0.653305, 0.652015, 0.651048, 0.65023, 0.648804, 0.647858, 0.647011, 0.64575, 0.644782, 0.643703, 0.642656, 0.641838, 0.641194, 0.639853, 0.638997, 0.637986, 0.636987, 0.636304, 0.635234, 0.634351, 0.633684, 0.632834, 0.631626, 0.630721, 0.629951, 0.629027, 0.62817, 0.627454, 0.626326, 0.625292], "kerr": [0.00017, 0.000166, 0.000161, 0.000173, 0.000166, 0.000168, 0.000171, 0.000157, 0.000183, 0.000166, 0.000153, 0.000164, 0.000164, 0.000157, 0.000156, 0.000183, 0.00018, 0.000172, 0.000191, 0.000148, 0.000165, 0.000161, 0.000164, 0.000179, 0.000166, 0.00015, 0.000149, 0.000157, 0.000175, 0.000171, 0.000161, 0.000162, 0.000167, 0.000151, 0.000205, 0.000155, 0.000168, 0.000147, 0.00019, 0.000156, 0.000147, 0.000161, 0.00015, 0.000165, 0.000189, 0.000178, 0.00015, 0.00016, 0.000155, 0.000162, 0.000155, 0.000166, 0.000178, 0.00016, 0.000151, 0.00015, 0.000159, 0.000155, 0.000179, 0.000158, 0.000152, 0.00015, 0.000174, 0.000153, 0.000147, 0.000152]}, "T": [300.0, 310.0, 320.0, 330.0, 340.0, 350.0, 360.0, 370.0, 380.0, 390.0, 400.0, 410.0, 420.0, 430.0, 440.0, 450.0, 460.0, 470.0, 480.0, 490.0, 500.0, 510.0, 520.0, 530.0, 540.0, 550.0, 560.0, 570.0, 580.0, 590.0, 600.0, 610.0, 620.0, 630.0, 640.0, 650.0, 660.0, 670.0, 680.0, 690.0, 700.0, 710.0, 720.0, 730.0, 740.0, 750.0, 760.0, 770.0, 780.0, 790.0, 800.0, 810.0, 820.0, 830.0, 840.0, 850.0, 860.0, 870.0, 880.0, 890.0, 900.0, 910.0, 920.0, 930.0, 940.0, 950.0]}