{"00.00": {"k": [1.08783, 1.08741, 1.08724, 1.08696, 1.08655, 1.08625, 1.08588, 1.08544, 1.08515, 1.08482, 1.08431, 1.08404, 1.08358, 1.08321, 1.08289, 1.0825, 1.08217, 1.08168, 1.08135, 1.08091, 1.08056, 1.08022, 1.07986, 1.07957, 1.07913, 1.07888, 1.07857, 1.07819, 1.07795, 1.07744, 1.07722, 1.07695, 1.07656, 1.07634, 1.07614, 1.07574, 1.07555, 1.07526, 1.07489, 1.07471, 1.07444, 1.07427, 1.0739, 1.07376, 1.07348, 1.07329, 1.07309, 1.07288, 1.07264, 1.07232, 1.07232, 1.07202, 1.07174, 1.07172, 1.07151, 1.07132, 1.0711, 1.07092, 1.07053, 1.07035, 1.07019, 1.07007, 1.06989, 1.06956, 1.06944, 1.06925, 1.06891, 1.06884, 1.0685, 1.06834], "kerr": [6.962112e-05, 6.959424e-05, 6.632164e-05, 6.847848e-05, 6.953919999999999e-05, 6.73475e-05, 6.841044e-05, 7.272448e-05, 6.94496e-05, 7.051329999999999e-05, 7.156446000000001e-05, 7.263068e-05, 6.934912e-05, 7.149186e-05, 7.147074e-05, 7.03625e-05, 6.925888e-05, 7.03092e-05, 7.028775e-05, 6.377369e-05, 7.131696e-05, 6.913408e-05, 7.01909e-05, 6.801291e-05, 6.47478e-05, 7.01272e-05, 6.687134e-05, 7.116054e-05, 6.89888e-05, 7.003359999999999e-05, 6.786486e-05, 7.323260000000001e-05, 7.428264e-05, 6.888576e-05, 6.672068e-05, 7.099884e-05, 6.668410000000001e-05, 7.096716000000001e-05, 6.44934e-05, 6.770673e-05, 6.876416e-05, 6.767901e-05, 7.30252e-05, 6.979439999999999e-05, 6.548228e-05, 6.761727e-05, 6.545849e-05, 6.759144e-05, 6.864896e-05, 6.755616e-05, 6.862847999999999e-05, 6.646524e-05, 6.751961999999999e-05, 6.859008e-05, 6.750513e-05, 6.96358e-05, 7.069260000000001e-05, 6.853888000000001e-05, 6.851392e-05, 6.850239999999999e-05, 7.063254000000001e-05, 7.062462000000001e-05, 7.061274e-05, 6.95214e-05, 6.844416e-05, 6.950125e-05, 6.734133e-05, 6.733692e-05, 6.51785e-05, 6.730542000000001e-05]}, "01.00": {"k": [0.706968, 0.70498, 0.703182, 0.701164, 0.699547, 0.69744, 0.695679, 0.694108, 0.691989, 0.69038, 0.688691, 0.686942, 0.684888, 0.683414, 0.68162, 0.680245, 0.67851, 0.676838, 0.675218, 0.673799, 0.672322, 0.670731, 0.669426, 0.668083, 0.666698, 0.665171, 0.663866, 0.662425, 0.661279, 0.659722, 0.657998, 0.656581, 0.65628, 0.654732, 0.653317, 0.65226, 0.650724, 0.649534, 0.648294, 0.647039, 0.645976, 0.644713, 0.643736, 0.642342, 0.641318, 0.640271, 0.639314, 0.638105, 0.637202, 0.636342, 0.635007, 0.634543, 0.633911, 0.633786, 0.633488, 0.632817, 0.631794, 0.630184, 0.629013, 0.627706, 0.626751, 0.625695, 0.624539, 0.623508, 0.622919, 0.621657, 0.620601, 0.620014, 0.619044, 0.618373], "kerr": [0.00010604519999999999, 0.00011279680000000001, 0.00011250912000000001, 0.00011218624000000002, 0.00011892299000000001, 0.0001115904, 0.00011130864000000002, 0.00010411619999999998, 0.00011071824000000001, 0.00011736460000000001, 0.00011019056000000001, 0.00011678014000000001, 0.00010958208000000001, 0.00011618038, 0.00011587540000000001, 0.00011564165, 0.0001153467, 0.00011506246000000002, 0.00010803488000000001, 0.00011454583000000001, 0.00011429474, 0.00010731696, 0.00011380242000000001, 0.00011357411, 0.00011333866000000001, 0.00011307907, 0.00011285722, 0.00011923650000000002, 0.00011241743, 0.00011215274000000002, 0.00011843964, 0.00011818458, 0.0001115676, 0.00011785176, 0.00011106389000000001, 0.0001174068, 0.00011713032000000001, 0.00011042078, 0.00011020998000000002, 0.00011646702000000001, 0.00011627568, 0.00011604834000000001, 0.00011587248, 0.00011562156, 0.00010902406000000002, 0.00010884607000000001, 0.00010868338000000002, 0.00010847785000000002, 0.00010832434000000001, 0.00011454156, 0.00010795119000000001, 0.00011421774, 0.00011410398, 0.00012041934, 0.00012036272000000002, 0.00011390706, 0.00011372292, 0.00011973496, 0.00011322234000000002, 0.00011298708, 0.00011908268999999999, 0.00011262510000000001, 0.00010617163, 0.00011223144, 0.00011212542, 0.00011189826000000001, 0.00011170818, 0.00011780266, 0.00011142792000000001, 0.00011130713999999999]}, "T": [300.0, 310.0, 320.0, 330.0, 340.0, 350.0, 360.0, 370.0, 380.0, 390.0, 400.0, 410.0, 420.0, 430.0, 440.0, 450.0, 460.0, 470.0, 480.0, 490.0, 500.0, 510.0, 520.0, 530.0, 540.0, 550.0, 560.0, 570.0, 580.0, 590.0, 600.0, 610.0, 620.0, 630.0, 640.0, 650.0, 660.0, 670.0, 680.0, 690.0, 700.0, 710.0, 720.0, 730.0, 740.0, 750.0, 760.0, 770.0, 780.0, 790.0, 800.0, 810.0, 820.0, 830.0, 840.0, 850.0, 860.0, 870.0, 880.0, 890.0, 900.0, 910.0, 920.0, 930.0, 940.0, 950.0, 960.0, 970.0, 980.0, 990.0]}