{"00.00": {"k": [1.2192, 1.21926, 1.21862, 1.21863, 1.21867, 1.21811, 1.21784, 1.21759, 1.21735, 1.21712, 1.21702, 1.21627, 1.21614, 1.21604, 1.21571, 1.21542, 1.21527, 1.21519, 1.21448, 1.21456, 1.21394, 1.21367, 1.21351, 1.21308, 1.21286, 1.21267, 1.21247, 1.21192, 1.2119, 1.21167, 1.21116, 1.21086, 1.21058, 1.21023, 1.21015, 1.21007, 1.20961, 1.20919, 1.20922, 1.20909, 1.20875, 1.20869, 1.20849, 1.20843, 1.20802, 1.20788, 1.20785, 1.20774, 1.20771, 1.20687, 1.2072, 1.2069, 1.20679, 1.20672, 1.20659, 1.20657, 1.20637, 1.20601, 1.20603, 1.20618, 1.20584, 1.20569, 1.20539, 1.20498, 1.20498, 1.20461], "kerr": [0.00014630400000000001, 0.0001585038, 0.0001462344, 0.00014623560000000003, 0.00015842709999999997, 0.0001461732, 0.0001461408, 0.0001582867, 0.000146082, 0.00015822559999999997, 0.0001460424, 0.0001459524, 0.0001459368, 0.0001580852, 0.00014588520000000002, 0.0001336962, 0.0001458324, 0.00014582280000000002, 0.0001457376, 0.0001578928, 0.0001456728, 0.0001456404, 0.0001456212, 0.0001455696, 0.0001455432, 0.0001455204, 0.0001454964, 0.00014543040000000002, 0.000157547, 0.0001454004, 0.00015745079999999998, 0.00014530320000000002, 0.0001573754, 0.00014522759999999998, 0.00015731949999999998, 0.0001452084, 0.0001451532, 0.0001451028, 0.0001451064, 0.0001571817, 0.0001571375, 0.0001571297, 0.00015710369999999998, 0.0001450116, 0.00014496240000000003, 0.00014494560000000002, 0.000144942, 0.0001449288, 0.0001449252, 0.00014482440000000002, 0.000144864, 0.000144828, 0.0001448148, 0.0001448064, 0.0001568567, 0.00015685409999999998, 0.0001447644, 0.0001447212, 0.0001447236, 0.0001447416, 0.00015675919999999998, 0.00014468279999999998, 0.00015670069999999998, 0.00015664739999999997, 0.00015664739999999997, 0.0001445532]}, "01.00": {"k": [0.799507, 0.798092, 0.79713, 0.796059, 0.794672, 0.794037, 0.792268, 0.791392, 0.790829, 0.789069, 0.788284, 0.78729, 0.78586, 0.784911, 0.783705, 0.783032, 0.781534, 0.781153, 0.779892, 0.779086, 0.77814, 0.77686, 0.776187, 0.774732, 0.77417, 0.773201, 0.772148, 0.771274, 0.770404, 0.769478, 0.766036, 0.764993, 0.764599, 0.763605, 0.762721, 0.761903, 0.761047, 0.76052, 0.759701, 0.758682, 0.757527, 0.757242, 0.755969, 0.755692, 0.754865, 0.754196, 0.753254, 0.752297, 0.751701, 0.751293, 0.750666, 0.750249, 0.750064, 0.750113, 0.750127, 0.749296, 0.748555, 0.747839, 0.746829, 0.746027, 0.744821, 0.744135, 0.743421, 0.742633, 0.742317, 0.74135], "kerr": [0.00016789647, 0.00015961840000000002, 0.000159426, 0.00016717239, 0.00016688112000000003, 0.00015880740000000001, 0.00016637628, 0.0001582784, 0.00015816580000000002, 0.00017359518, 0.00016553964, 0.0001732038, 0.0001650306, 0.00016483131, 0.00016457805, 0.00017226703999999999, 0.00016412214, 0.00016404213, 0.00016377732, 0.00016360806, 0.00016340940000000002, 0.0001631406, 0.0001552374, 0.00016269372, 0.00017031740000000002, 0.00016237221, 0.00016987256, 0.00016968028, 0.00016948888, 0.00016159038, 0.00016852792, 0.00016064853000000002, 0.00017585777, 0.0001679931, 0.00016779862, 0.00015999963, 0.00016743034, 0.0001749196, 0.0001519402, 0.00016691004, 0.00016665594, 0.00017416566, 0.00016631318, 0.00016625224000000002, 0.00015852165000000001, 0.00016592312, 0.00016571588, 0.00017302831, 0.00015785721, 0.00016528446, 0.00017265318000000003, 0.00016505478, 0.00016501408, 0.00017252599, 0.00016502794, 0.00016484512, 0.00015719655, 0.00016452458000000003, 0.00016430237999999999, 0.00016412594, 0.00017875703999999999, 0.0001637097, 0.00017098683, 0.00017080559, 0.00016330974000000002, 0.0001705105]}, "02.00": {"k": [0.69732, 0.696089, 0.69507, 0.694333, 0.693089, 0.692111, 0.691023, 0.68962, 0.688668, 0.687617, 0.686549, 0.685715, 0.684569, 0.683481, 0.682573, 0.681393, 0.680622, 0.679615, 0.678302, 0.677376, 0.676699, 0.675833, 0.674852, 0.673581, 0.672724, 0.672071, 0.671289, 0.670081, 0.669249, 0.668242, 0.664904, 0.66422, 0.663582, 0.662984, 0.662143, 0.660977, 0.660167, 0.659725, 0.658862, 0.657682, 0.657331, 0.656447, 0.655484, 0.654628, 0.653566, 0.65295, 0.652332, 0.651661, 0.651195, 0.650674, 0.649653, 0.649417, 0.648848, 0.64877, 0.648923, 0.648891, 0.64827, 0.646839, 0.645892, 0.64505, 0.64412, 0.643374, 0.64257, 0.641891, 0.641049, 0.640811], "kerr": [0.00016038360000000001, 0.00016706136, 0.0001668168, 0.00018052657999999999, 0.00015941046999999999, 0.00017302775, 0.00016584552, 0.00017240500000000001, 0.00017216699999999998, 0.00017190425000000002, 0.00017850273999999998, 0.00018514305, 0.00017798793999999999, 0.00017087025, 0.00016381752, 0.00017034825000000002, 0.00017696171999999997, 0.0001631076, 0.0001695755, 0.00016257024, 0.00017594173999999999, 0.00016895825, 0.00018221004, 0.00016839525, 0.00017490823999999998, 0.00016801775, 0.00016110936000000002, 0.00018092187, 0.00017400473999999998, 0.00017374292, 0.00017287504, 0.0001726972, 0.00018580295999999998, 0.000165746, 0.00017215718, 0.00017846379, 0.00017164341999999997, 0.00018472299999999997, 0.00017789274, 0.0001644205, 0.00017747937, 0.00017067622, 0.00017042583999999999, 0.00017020327999999998, 0.00017646282, 0.000169767, 0.00016960631999999998, 0.00017594847, 0.00016931069999999998, 0.00016917523999999997, 0.00016890978, 0.00018183676, 0.00017518896, 0.00017516789999999998, 0.00016871998, 0.00016222275, 0.0001685502, 0.00018111492, 0.00017439084000000002, 0.000167713, 0.0001739124, 0.00018014472, 0.0001734939, 0.00017331057, 0.00017308322999999999, 0.00017942708]}, "10.00": {"k": [0.789269, 0.788364, 0.788089, 0.78753, 0.786562, 0.786233, 0.78744, 0.785571, 0.785042, 0.784431, 0.784488, 0.783425, 0.782878, 0.781899, 0.78181, 0.781973, 0.780665, 0.780369, 0.779591, 0.779558, 0.778984, 0.779435, 0.778236, 0.778219, 0.777029, 0.777292, 0.776751, 0.776069, 0.775646, 0.775636, 0.773613, 0.772496, 0.773111, 0.772171, 0.772262, 0.771535, 0.771202, 0.770573, 0.770437, 0.770343, 0.769744, 0.769138, 0.768708, 0.767693, 0.768255, 0.767037, 0.767763, 0.767842, 0.766304, 0.767255, 0.765937, 0.766484, 0.765973, 0.76581, 0.765906, 0.765208, 0.764694, 0.764635, 0.764503, 0.763757, 0.763368, 0.761665, 0.762748, 0.762829, 0.763187, 0.761839], "kerr": [0.00026835146, 0.0003153456, 0.00025218848, 0.0002520096, 0.00033035604, 0.00025159456, 0.0009134304, 0.00030637269, 0.00024336302, 0.00025886223, 0.00047069279999999993, 0.0002663645, 0.00057932972, 0.00025802667, 0.0002658154, 0.00037534704, 0.00025761945, 0.00024971808, 0.00025726503, 0.00023386739999999996, 0.00052191928, 0.00061575365, 0.00025681788, 0.00026459446, 0.00025641956999999997, 0.00025650636, 0.00024856032, 0.00025610277, 0.00026371964, 0.00041108708, 0.00034038972, 0.00055619712, 0.00027058885, 0.00027025985000000003, 0.00025484646, 0.000308614, 0.00044729716000000005, 0.00025428908999999996, 0.00026965295, 0.00024650976, 0.00025401552, 0.0002691983, 0.00027673488, 0.00025333869, 0.000307302, 0.00024545184, 0.00024568416, 0.00081391252, 0.00026054336, 0.0006905295, 0.00032935291, 0.0004905497600000001, 0.00092682733, 0.0002603754, 0.00025274898, 0.00029077904, 0.00025234902, 0.0002599759, 0.00025993102000000006, 0.00026731495, 0.00035878296, 0.0008682981, 0.00025933432000000003, 0.00026699015, 0.00043501658999999996, 0.00028949882000000004]}, "T": [300.0, 310.0, 320.0, 330.0, 340.0, 350.0, 360.0, 370.0, 380.0, 390.0, 400.0, 410.0, 420.0, 430.0, 440.0, 450.0, 460.0, 470.0, 480.0, 490.0, 500.0, 510.0, 520.0, 530.0, 540.0, 550.0, 560.0, 570.0, 580.0, 590.0, 600.0, 610.0, 620.0, 630.0, 640.0, 650.0, 660.0, 670.0, 680.0, 690.0, 700.0, 710.0, 720.0, 730.0, 740.0, 750.0, 760.0, 770.0, 780.0, 790.0, 800.0, 810.0, 820.0, 830.0, 840.0, 850.0, 860.0, 870.0, 880.0, 890.0, 900.0, 910.0, 920.0, 930.0, 940.0, 950.0]}