{"00.00": {"k": [1.08627, 1.08559, 1.08516, 1.08492, 1.08454, 1.08421, 1.08385, 1.08325, 1.0831, 1.08275, 1.08232, 1.08188, 1.08145, 1.08109, 1.08094, 1.08055, 1.08023, 1.08003, 1.07945, 1.07949, 1.07935, 1.07862, 1.07836, 1.07813, 1.07765, 1.07758, 1.07713, 1.07693, 1.07685, 1.07646, 1.076, 1.07574, 1.0755, 1.07513, 1.07508, 1.07467, 1.07466, 1.07427, 1.0742, 1.07382, 1.0736, 1.07366, 1.07334, 1.07319, 1.07284, 1.07264, 1.07271, 1.07247, 1.07204, 1.07174, 1.0719, 1.07138, 1.07134, 1.071, 1.07093, 1.07068, 1.07046, 1.07035, 1.07027, 1.06982, 1.06966, 1.06954, 1.06935, 1.06899, 1.06885, 1.0685, 1.06853, 1.06839, 1.06799, 1.06787], "kerr": [0.00012, 0.00013, 0.00012, 0.00013, 0.00014, 0.00014, 0.00012, 0.00013, 0.00013, 0.00011, 0.00013, 0.00012, 0.00012, 0.00013, 0.00013, 0.00014, 0.00012, 0.00014, 0.00012, 0.00012, 0.00012, 0.00012, 0.00012, 0.00012, 0.00012, 0.00012, 0.00013, 0.00012, 0.00012, 0.00016, 0.00013, 0.00011, 0.00012, 0.00013, 0.00013, 0.00012, 0.00012, 0.00012, 0.00011, 0.00013, 0.00014, 0.00012, 0.00012, 0.00012, 0.00013, 0.00013, 0.00012, 0.00013, 0.00013, 0.00013, 0.00013, 0.00013, 0.00014, 0.00012, 0.00012, 0.00012, 0.00012, 0.00014, 0.00011, 0.00011, 0.00014, 0.00015, 0.00012, 0.00011, 0.00014, 0.00012, 0.00013, 0.00012, 0.00014, 0.00012]}, "01.00": {"k": [0.70471, 0.70255, 0.7006, 0.69883, 0.69665, 0.69514, 0.69354, 0.69151, 0.6898, 0.68793, 0.68606, 0.68463, 0.68335, 0.68132, 0.67982, 0.67851, 0.67693, 0.67551, 0.67386, 0.67247, 0.67097, 0.66961, 0.66799, 0.66694, 0.66518, 0.66409, 0.66275, 0.66103, 0.66008, 0.65838, 0.65731, 0.65569, 0.65473, 0.65384, 0.65242, 0.65161, 0.65041, 0.64915, 0.64786, 0.64683, 0.64568, 0.64473, 0.64357, 0.64242, 0.64142, 0.64043, 0.63954, 0.6384, 0.63728, 0.63635, 0.63515, 0.63427, 0.63314, 0.63233, 0.63158, 0.63038, 0.6296, 0.62854, 0.62753, 0.62664, 0.62579, 0.62474, 0.62376, 0.62279, 0.62229, 0.62116, 0.62019, 0.61933, 0.61843, 0.61764], "kerr": [0.00013, 0.00013, 0.00013, 0.00012, 0.00014, 0.00013, 0.00013, 0.00013, 0.00014, 0.00012, 0.00012, 0.00014, 0.00013, 0.00012, 0.00012, 0.00013, 0.00014, 0.00013, 0.00012, 0.00014, 0.00013, 0.00011, 0.00013, 0.00012, 0.00015, 0.00012, 0.00014, 0.00012, 0.00013, 0.00013, 0.00012, 0.00014, 0.00016, 0.00012, 0.00013, 0.00011, 0.00012, 0.00013, 0.00014, 0.00012, 0.00013, 0.00012, 0.00013, 0.00013, 0.00014, 0.00013, 0.00012, 0.00012, 0.00013, 0.00012, 0.00012, 0.00012, 0.00012, 0.00013, 0.00013, 0.00014, 0.00014, 0.00013, 0.00014, 0.00012, 0.00012, 0.00012, 0.00014, 0.00013, 0.00012, 0.00013, 0.00014, 0.00013, 0.00013, 0.00011]}, "02.00": {"k": [0.58727, 0.58548, 0.5836, 0.58194, 0.58003, 0.57843, 0.57665, 0.57485, 0.57296, 0.57125, 0.56985, 0.56837, 0.56686, 0.56507, 0.5638, 0.56215, 0.56091, 0.55927, 0.55783, 0.55641, 0.55495, 0.55357, 0.5522, 0.55098, 0.54977, 0.54812, 0.54691, 0.54565, 0.54432, 0.54282, 0.54138, 0.54018, 0.53882, 0.53781, 0.53655, 0.53553, 0.53433, 0.53311, 0.53215, 0.53118, 0.52991, 0.52896, 0.52784, 0.52687, 0.52566, 0.52469, 0.52338, 0.52261, 0.52151, 0.52027, 0.51951, 0.51824, 0.51734, 0.51657, 0.51578, 0.51461, 0.51368, 0.51276, 0.51189, 0.51092, 0.50982, 0.50903, 0.50796, 0.50675, 0.50627, 0.50523, 0.50441, 0.50342, 0.50261, 0.50155], "kerr": [0.00013, 0.00012, 0.00014, 0.00012, 0.00012, 0.00012, 0.00012, 0.00011, 0.00016, 0.00014, 0.00013, 0.00011, 0.00012, 0.00011, 0.00013, 0.00012, 0.00012, 0.00011, 0.00012, 0.00012, 0.00012, 0.00012, 0.00012, 0.00012, 0.00013, 0.00013, 0.00013, 0.00012, 0.00011, 0.00012, 0.00012, 0.00012, 0.00013, 0.00011, 0.00012, 0.00011, 0.00012, 0.00012, 0.00011, 0.00013, 0.00011, 0.00011, 0.00011, 0.00012, 0.00011, 0.00011, 0.00013, 0.00012, 0.00011, 0.00012, 0.00012, 0.00011, 0.00011, 0.00011, 0.00011, 0.00011, 0.00011, 0.00012, 0.00012, 0.00011, 0.00012, 0.00012, 0.00013, 0.00012, 0.00011, 0.00013, 0.00011, 0.00013, 0.00012, 0.00011]}, "10.00": {"k": [0.344278, 0.343389, 0.34258, 0.341717, 0.340851, 0.340064, 0.339172, 0.338556, 0.337581, 0.336765, 0.336121, 0.33526, 0.334714, 0.333942, 0.333243, 0.33243, 0.331659, 0.3309, 0.330259, 0.329741, 0.32884, 0.328117, 0.327596, 0.326965, 0.32649, 0.325869, 0.325162, 0.324329, 0.323724, 0.323174, 0.322467, 0.321863, 0.321304, 0.32065, 0.320137, 0.319519, 0.31923, 0.31855, 0.31796, 0.317563, 0.316868, 0.316468, 0.316126, 0.315471, 0.314881, 0.3146, 0.313754, 0.313396, 0.312899, 0.31242, 0.311719, 0.311341, 0.310988, 0.310392, 0.309879, 0.309582, 0.309181, 0.308455, 0.308171, 0.307705, 0.307295, 0.306707, 0.306281, 0.305801, 0.305343, 0.304991, 0.304497, 0.303914, 0.303552, 0.303186], "kerr": [9.2e-05, 9e-05, 9.3e-05, 8.8e-05, 9.4e-05, 8.6e-05, 9.5e-05, 9.6e-05, 9e-05, 8.4e-05, 8.6e-05, 9.1e-05, 8.3e-05, 8.4e-05, 8.3e-05, 9.3e-05, 8.3e-05, 0.0001, 8.4e-05, 8.6e-05, 8.6e-05, 8.3e-05, 8.3e-05, 8.4e-05, 8.5e-05, 8.3e-05, 9.5e-05, 8.4e-05, 8.4e-05, 8.6e-05, 7.6e-05, 7.9e-05, 8.1e-05, 8e-05, 8.3e-05, 8e-05, 8.8e-05, 9.3e-05, 9.5e-05, 8.3e-05, 8.4e-05, 8.2e-05, 7.8e-05, 8.6e-05, 9.8e-05, 8.5e-05, 9.6e-05, 8.9e-05, 8.1e-05, 8.4e-05, 9.8e-05, 9.9e-05, 8.7e-05, 8.4e-05, 8.5e-05, 8.9e-05, 9.4e-05, 7.6e-05, 9.5e-05, 8.6e-05, 8.9e-05, 7.9e-05, 7.9e-05, 7.7e-05, 9.1e-05, 9.1e-05, 7.6e-05, 7.8e-05, 8e-05, 9.3e-05]}, "T": [300.0, 310.0, 320.0, 330.0, 340.0, 350.0, 360.0, 370.0, 380.0, 390.0, 400.0, 410.0, 420.0, 430.0, 440.0, 450.0, 460.0, 470.0, 480.0, 490.0, 500.0, 510.0, 520.0, 530.0, 540.0, 550.0, 560.0, 570.0, 580.0, 590.0, 600.0, 610.0, 620.0, 630.0, 640.0, 650.0, 660.0, 670.0, 680.0, 690.0, 700.0, 710.0, 720.0, 730.0, 740.0, 750.0, 760.0, 770.0, 780.0, 790.0, 800.0, 810.0, 820.0, 830.0, 840.0, 850.0, 860.0, 870.0, 880.0, 890.0, 900.0, 910.0, 920.0, 930.0, 940.0, 950.0, 960.0, 970.0, 980.0, 990.0]}