{"00.00": {"k": [1.087535, 1.086893, 1.086595, 1.085874, 1.085308, 1.085127, 1.084693, 1.084589, 1.083786, 1.083393, 1.083039, 1.08269, 1.082355, 1.081768, 1.081618, 1.08105, 1.081218, 1.080342, 1.080206, 1.079906, 1.079732, 1.079446, 1.079344, 1.078666, 1.078491, 1.077701, 1.077551, 1.077188, 1.077296, 1.077174, 1.076372, 1.075985, 1.075852, 1.075844, 1.075633, 1.075194, 1.07509, 1.074465, 1.074336, 1.074333, 1.073999, 1.073726, 1.073398, 1.073236, 1.073315, 1.073043, 1.07266, 1.072228, 1.072479, 1.072159, 1.072065, 1.071563, 1.071429, 1.071277, 1.071131, 1.071015, 1.070677, 1.070565, 1.070388, 1.070344, 1.070064], "kerr": [0.000189, 0.000196, 0.000182, 0.000184, 0.00018, 0.000171, 0.000167, 0.000178, 0.00019, 0.000196, 0.000161, 0.000187, 0.000169, 0.000161, 0.000165, 0.000186, 0.000202, 0.000166, 0.000184, 0.000166, 0.00018, 0.000162, 0.000193, 0.000177, 0.000167, 0.000189, 0.000172, 0.000204, 0.000192, 0.000169, 0.000169, 0.000195, 0.000185, 0.000166, 0.000162, 0.000163, 0.000156, 0.000175, 0.000173, 0.000168, 0.000172, 0.000172, 0.0002, 0.000173, 0.000164, 0.00018, 0.000175, 0.000185, 0.000164, 0.000163, 0.000172, 0.000172, 0.00016, 0.000165, 0.000158, 0.000168, 0.000168, 0.000177, 0.00017, 0.000164, 0.000169]}, "01.00": {"k": [0.705056, 0.702642, 0.700668, 0.699229, 0.69736, 0.695463, 0.693411, 0.691984, 0.68953, 0.68823, 0.6868, 0.684675, 0.683123, 0.681661, 0.680306, 0.678675, 0.677066, 0.675841, 0.67424, 0.672809, 0.671173, 0.669928, 0.668479, 0.667303, 0.665584, 0.664304, 0.663002, 0.661238, 0.659966, 0.658676, 0.657489, 0.655962, 0.654927, 0.653538, 0.652356, 0.651413, 0.650166, 0.649025, 0.647973, 0.646744, 0.64565, 0.644632, 0.643631, 0.642785, 0.64133, 0.64052, 0.639527, 0.638494, 0.63719, 0.636268, 0.635188, 0.634589, 0.633394, 0.632542, 0.631705, 0.630838, 0.62968, 0.628439, 0.627894, 0.626932, 0.625657], "kerr": [0.000157, 0.00019, 0.000174, 0.000159, 0.000161, 0.000157, 0.000204, 0.000153, 0.000158, 0.000161, 0.00017, 0.000169, 0.000162, 0.000152, 0.000165, 0.000157, 0.000172, 0.00016, 0.000163, 0.000161, 0.000151, 0.000164, 0.000173, 0.0002, 0.000155, 0.000157, 0.000149, 0.000159, 0.000166, 0.000172, 0.000149, 0.000168, 0.000154, 0.000181, 0.000178, 0.000149, 0.000149, 0.000167, 0.000162, 0.000152, 0.000156, 0.000163, 0.000174, 0.000154, 0.00015, 0.000173, 0.000159, 0.000148, 0.000149, 0.000148, 0.000158, 0.000181, 0.000148, 0.000159, 0.000147, 0.000156, 0.000183, 0.000158, 0.000164, 0.000159, 0.000151]}, "T": [300.0, 310.0, 320.0, 330.0, 340.0, 350.0, 360.0, 370.0, 380.0, 390.0, 400.0, 410.0, 420.0, 430.0, 440.0, 450.0, 460.0, 470.0, 480.0, 490.0, 500.0, 510.0, 520.0, 530.0, 540.0, 550.0, 560.0, 570.0, 580.0, 590.0, 600.0, 610.0, 620.0, 630.0, 640.0, 650.0, 660.0, 670.0, 680.0, 690.0, 700.0, 710.0, 720.0, 730.0, 740.0, 750.0, 760.0, 770.0, 780.0, 790.0, 800.0, 810.0, 820.0, 830.0, 840.0, 850.0, 860.0, 870.0, 880.0, 890.0, 900.0]}